CODCID;UF;NOMECID;DDD;CODREG;DISTANCIA;DTALTER;DESCRICAOCORREIO;SEQENTREGA;POPULACAO;CODMUNFIS;VLRFRETEMIN;VLRFRETETON;TIPOFRETE;VLRFRETEKM;VLRTAXAENT;CODMUNSIAFI;CODMUNDMS;LATITUDE;LONGITUDE;VENDAMIN;CODMUNDIEF;QTDDIASSUB;QTDSUB;TEMSUBSTITNFSE;TIPCANCNFSE;VLRLIMCANCNFSE;MOTCANCSUBNFSE;METARREDVLRISS;MAXNOTALOTENFSE;NFSETEMPLATESUBST;TIPOCNAE;NUVERSAO;LINKAGUA;LINKENERGIA;LINKIPTU;TIMPARCPREFEITURA;NOFORMATLC116;CNAEFULLNFSE;NOINSCMUNPAR;GERCODNATISSJSON;ENVITENSSEPJSON;QTDMAXENVITENSJSON;OBSJSONENOTAS;PERMCANCNFSESUBSTIT;JSONSEMALIDENMUN;VMINRETENCAOISS;ACTCANEXNT;ENVFPJSON;CODPARCNFSE;REMZEROESQUERDLC116;INFQTDVLRUNIJSON;ENVMULEMAILJSON;GERNUNFSEINFCPM;ATUNUVERSAO;ENVTAGDESCONJSON;MASCARALC116;GERCNAEMULTJSON;REGESPTRIB;ENVCODIGONBSJSON;MASCARANBS;ENVTPSERVJSON
5000;17;SERRA BRANCA;83;0;;23/01/2019 15:56;SERRA BRANCA;;;2515500;;;C;;;2211;252000;0;0;;;0;0;N;1;;;;;N;;;;;;;;;;;;;;;;;;;;;;;;;;;;;;;
5001;17;SERRA DA RAIZ;83;0;;23/01/2019 15:58;SERRA DA RAIZ;;;2515609;;;C;;;2213;257800;0;0;;;0;0;N;1;;;;;N;;;;;;;;;;;;;;;;;;;;;;;;;;;;;;;
5002;2;SERRA DA SAUDADE;37;0;;23/01/2019 16:00;SERRA DA SAUDADE;;;3166600;;;C;;;5331;503400;0;0;;;0;0;N;1;;;;;N;;;;;;;;;;;;;;;;;;;;;;;;;;;;;;;
5003;26;SERRA DE SAO BENTO;84;0;;23/01/2019 16:02;SERRA DE SAO BENTO;;;2413300;;;C;;;1863;232300;0;0;;;0;0;N;1;;;;;N;;;;;;;;;;;;;;;;;;;;;;;;;;;;;;;
5004;26;SERRA DO MEL;84;0;;23/01/2019 16:04;SERRA DO MEL;;;2413359;;;C;;;1927;23000;0;0;;;0;0;N;1;;;;;N;;;;;;;;;;;;;;;;;;;;;;;;;;;;;;;
5005;28;SERRA DO NAVIO;96;0;;23/01/2019 15:49;SERRA DO NAVIO;;;1600055;;;C;;;665;176100;0;0;;;0;0;N;1;;;;;N;;;;;;;;;;;;;;;;;;;;;;;;;;;;;;;
5006;6;SERRA DO RAMALHO;77;0;;23/01/2019 15:51;SERRA DO RAMALHO;;;2930154;;;C;;;3039;38900;0;0;;;0;0;N;1;;;;;N;;;;;;;;;;;;;;;;;;;;;;;;;;;;;;;
5007;2;SERRA DO SALITRE;34;0;;23/01/2019 15:54;SERRA DO SALITRE;;;3166808;;;C;;;5335;446500;0;0;;;0;0;N;1;;;;;N;;;;;;;;;;;;;;;;;;;;;;;;;;;;;;;
5008;2;SERRA DOS AIMORES;33;0;;23/01/2019 15:55;SERRA DOS AIMORES;;;3166709;;;C;;;5333;441600;0;0;;;0;0;N;1;;;;;N;;;;;;;;;;;;;;;;;;;;;;;;;;;;;;;
5009;6;SERRA DOURADA;77;0;;23/01/2019 15:57;SERRA DOURADA;;;2930303;;;C;;;3905;335500;0;0;;;0;0;N;1;;;;;N;;;;;;;;;;;;;;;;;;;;;;;;;;;;;;;
5010;17;SERRA GRANDE;83;0;;23/01/2019 15:59;SERRA GRANDE;;;2515708;;;C;;;2215;244000;0;0;;;0;0;N;1;;;;;N;;;;;;;;;;;;;;;;;;;;;;;;;;;;;;;
5011;1;SERRA NEGRA;19;0;;23/01/2019 16:02;SERRA NEGRA;;;3551603;;;C;;;7133;669200;0;0;;;0;0;N;1;;;;;N;;;;;;;;;;;;;;;;;;;;;;;;;;;;;;;
5012;26;SERRA NEGRA DO NORTE;84;0;;23/01/2019 16:04;SERRA NEGRA DO NORTE;;;2413409;;;C;;;1865;226800;0;0;;;0;0;N;1;;;;;N;;;;;;;;;;;;;;;;;;;;;;;;;;;;;;;
5013;5;SERRA NOVA DOURADA;66;0;;23/01/2019 15:48;SERRA NOVA DOURADA;;;5107883;;;C;;;1100;230500;0;0;;;0;0;N;1;;;;;N;;;;;;;;;;;;;;;;;;;;;;;;;;;;;;;
5014;6;SERRA PRETA;75;0;;23/01/2019 15:51;SERRA PRETA;;;2930402;;;C;;;3907;369400;0;0;;;0;0;N;1;;;;;N;;;;;;;;;;;;;;;;;;;;;;;;;;;;;;;
5015;17;SERRA REDONDA;83;0;;23/01/2019 15:53;SERRA REDONDA;;;2515807;;;C;;;2217;257900;0;0;;;0;0;N;1;;;;;N;;;;;;;;;;;;;;;;;;;;;;;;;;;;;;;
5016;10;SERRA TALHADA;87;0;;23/01/2019 15:55;SERRA TALHADA;;;2613909;;;C;;;2577;275400;0;0;;;0;0;N;1;;;;;N;;;;;;;;;;;;;;;;;;;;;;;;;;;;;;;
5017;1;SERRANA;16;0;;23/01/2019 15:57;SERRANA;;;3551504;;;C;;;7131;644300;0;0;;;0;0;N;1;;;;;N;;;;;;;;;;;;;;;;;;;;;;;;;;;;;;;
5018;2;SERRANIA;35;0;;23/01/2019 15:59;SERRANIA;;;3166907;;;C;;;5337;507700;0;0;;;0;0;N;1;;;;;N;;;;;;;;;;;;;;;;;;;;;;;;;;;;;;;
5019;31;SERRANO DO MARANHAO;98;0;;23/01/2019 16:01;SERRANO DO MARANHAO;;;2111789;;;C;;;254;166000;0;0;;;0;0;N;1;;;;;N;;;;;;;;;;;;;;;;;;;;;;;;;;;;;;;
5020;4;SERRANOPOLIS;64;0;;23/01/2019 16:03;SERRANOPOLIS;;;5220504;;;C;;;9607;32900;0;0;;;0;0;N;1;;;;;N;;;;;;;;;;;;;;;;;;;;;;;;;;;;;;;
5021;2;SERRANOPOLIS DE MINAS;38;0;;23/01/2019 15:48;SERRANOPOLIS DE MINAS;;;3166956;;;C;;;736;171200;0;0;;;0;0;N;1;;;;;N;;;;;;;;;;;;;;;;;;;;;;;;;;;;;;;
5022;8;SERRANOPOLIS DO IGUACU;45;0;;23/01/2019 15:50;SERRANOPOLIS DO IGUACU;;;4126355;;;C;;;882;201700;0;0;;;0;0;N;1;;;;;N;;;;;;;;;;;;;;;;;;;;;;;;;;;;;;;
5023;2;SERRANOS;35;0;;23/01/2019 15:53;SERRANOS;;;3167004;;;C;;;5339;527100;0;0;;;0;0;N;1;;;;;N;;;;;;;;;;;;;;;;;;;;;;;;;;;;;;;
5024;17;SERRARIA;83;0;;23/01/2019 15:54;SERRARIA;;;2515906;;;C;;;2219;261700;0;0;;;0;0;N;1;;;;;N;;;;;;;;;;;;;;;;;;;;;;;;;;;;;;;
5025;26;SERRINHA;84;0;;23/01/2019 15:56;SERRINHA;;;2413508;;;C;;;1867;235000;0;0;;;0;0;N;1;;;;;N;;;;;;;;;;;;;;;;;;;;;;;;;;;;;;;
5026;6;SERRINHA;75;0;;23/01/2019 15:58;SERRINHA;;;2930501;;;C;;;3909;366800;0;0;;;0;0;N;1;;;;;N;;;;;;;;;;;;;;;;;;;;;;;;;;;;;;;
5027;26;SERRINHA DOS PINTOS;84;0;;23/01/2019 16:01;SERRINHA DOS PINTOS;;;2413557;;;C;;;432;202300;0;0;;;0;0;N;1;;;;;N;;;;;;;;;;;;;;;;;;;;;;;;;;;;;;;
5028;10;SERRITA;87;0;;23/01/2019 16:03;SERRITA;;;2614006;;;C;;;2579;270200;0;0;;;0;0;N;1;;;;;N;;;;;;;;;;;;;;;;;;;;;;;;;;;;;;;
5029;2;SERRO;38;0;;23/01/2019 16:05;SERRO;;;3167103;;;C;;;5341;435400;0;0;;;0;0;N;1;;;;;N;;;;;;;;;;;;;;;;;;;;;;;;;;;;;;;
5030;6;SERROLANDIA;74;0;;23/01/2019 15:49;SERROLANDIA;;;2930600;;;C;;;3911;362100;0;0;;;0;0;N;1;;;;;N;;;;;;;;;;;;;;;;;;;;;;;;;;;;;;;
5031;8;SERTANEJA;43;0;;23/01/2019 16:14;SERTANEJA;;;4126405;;;C;;;7903;779000;0;0;;;0;0;N;1;;;;;N;;;;;;;;;;;;;;;;;;;;;;;;;;;;;;;
5032;10;SERTANIA;87;0;;23/01/2019 16:16;SERTANIA;;;2614105;;;C;;;2581;278400;0;0;;;0;0;N;1;;;;;N;;;;;;;;;;;;;;;;;;;;;;;;;;;;;;;
5033;8;SERTANOPOLIS;43;0;;23/01/2019 16:18;SERTANOPOLIS;;;4126504;;;C;;;7905;784800;0;0;;;0;0;N;1;;;;;N;;;;;;;;;;;;;;;;;;;;;;;;;;;;;;;
5034;15;SERTAO;54;0;;23/01/2019 16:20;SERTAO;;;4320503;;;C;;;8911;904900;0;0;;;0;0;N;1;;;;;N;;;;;;;;;;;;;;;;;;;;;;;;;;;;;;;
5035;15;SERTAO SANTANA;51;0;;23/01/2019 16:22;SERTAO SANTANA;;;4320552;;;C;;;5761;133000;0;0;;;0;0;N;1;;;;;N;;;;;;;;;;;;;;;;;;;;;;;;;;;;;;;
5036;17;SERTAOZINHO;83;0;;23/01/2019 16:24;SERTAOZINHO;;;2515930;;;C;;;532;256901;0;0;;;0;0;N;1;;;;;N;;;;;;;;;;;;;;;;;;;;;;;;;;;;;;;
5037;1;SERTAOZINHO;16;0;;23/01/2019 16:26;SERTAOZINHO;;;3551702;;;C;;;7135;644400;0;0;;;0;0;N;1;;;;;N;;;;;;;;;;;;;;;;;;;;;;;;;;;;;;;
5038;1;SETE BARRAS;13;0;;23/01/2019 16:11;SETE BARRAS;;;3551801;;;C;;;7137;710100;0;0;;;0;0;N;1;;;;;N;;;;;;;;;;;;;;;;;;;;;;;;;;;;;;;
5039;15;SETE DE SETEMBRO;55;0;;23/01/2019 16:13;SETE DE SETEMBRO;;;4320578;;;C;;;1014;182900;0;0;;;0;0;N;1;;;;;N;;;;;;;;;;;;;;;;;;;;;;;;;;;;;;;
5040;2;SETE LAGOAS;31;0;;23/01/2019 16:15;SETE LAGOAS;;;3167202;;;C;;;5343;533900;0;0;;;0;0;N;1;;;;;N;;;;;;;;;;;;;;;;;;;;;;;;;;;;;;;
5041;12;SETE QUEDAS;67;0;;23/01/2019 16:17;SETE QUEDAS;;;5007703;;;C;;;9813;51300;0;0;;;0;0;N;1;;;;;N;;;;;;;;;;;;;;;;;;;;;;;;;;;;;;;
5042;2;SETUBINHA;33;0;;23/01/2019 16:19;SETUBINHA;;;3165552;;;C;;;732;438506;0;0;;;0;0;N;1;;;;;N;;;;;;;;;;;;;;;;;;;;;;;;;;;;;;;
5043;15;SEVERIANO DE ALMEIDA;54;0;;23/01/2019 16:22;SEVERIANO DE ALMEIDA;;;4320602;;;C;;;8913;905000;0;0;;;0;0;N;1;;;;;N;;;;;;;;;;;;;;;;;;;;;;;;;;;;;;;
5044;26;SEVERIANO MELO;84;0;;23/01/2019 16:24;SEVERIANO MELO;;;2413607;;;C;;;1869;219800;0;0;;;0;0;N;1;;;;;N;;;;;;;;;;;;;;;;;;;;;;;;;;;;;;;
5045;1;SEVERINIA;17;0;;23/01/2019 16:26;SEVERINIA;;;3551900;;;C;;;7139;635900;0;0;;;0;0;N;1;;;;;N;;;;;;;;;;;;;;;;;;;;;;;;;;;;;;;
5046;13;SIDEROPOLIS;48;0;;23/01/2019 16:10;SIDEROPOLIS;;;4217600;;;C;;;8347;822100;0;0;;;0;0;N;1;;;;;N;;;;;;;;;;;;;;;;;;;;;;;;;;;;;;;
5047;12;SIDROLANDIA;67;0;;23/01/2019 16:13;SIDROLANDIA;;;5007901;;;C;;;9157;42400;0;0;;;0;0;N;1;;;;;N;;;;;;;;;;;;;;;;;;;;;;;;;;;;;;;
5048;23;SIGEFREDO PACHECO;86;0;;23/01/2019 16:15;SIGEFREDO PACHECO;;;2210656;;;C;;;1379;114700;0;0;;;0;0;N;1;;;;;N;;;;;;;;;;;;;;;;;;;;;;;;;;;;;;;
5049;7;SILVA JARDIM;22;0;;23/01/2019 16:17;SILVA JARDIM;;;3305604;;;C;;;5911;602100;0;0;;;0;0;N;1;;;;;N;;;;;;;;;;;;;;;;;;;;;;;;;;;;;;;
5050;4;SILVANIA;62;0;;23/01/2019 16:19;SILVANIA;;;5220603;;;C;;;9609;37700;0;0;;;0;0;N;1;;;;;N;;;;;;;;;;;;;;;;;;;;;;;;;;;;;;;
5051;14;SILVANOPOLIS;63;0;;23/01/2019 16:21;SILVANOPOLIS;;;1720655;;;C;;;9659;7600;0;0;;;0;0;N;1;;;;;N;;;;;;;;;;;;;;;;;;;;;;;;;;;;;;;
5052;15;SILVEIRA MARTINS;55;0;;23/01/2019 16:23;SILVEIRA MARTINS;;;4320651;;;C;;;7315;925700;0;0;;;0;0;N;1;;;;;N;;;;;;;;;;;;;;;;;;;;;;;;;;;;;;;
5053;2;SILVEIRANIA;32;0;;23/01/2019 16:25;SILVEIRANIA;;;3167301;;;C;;;5345;493900;0;0;;;0;0;N;1;;;;;N;;;;;;;;;;;;;;;;;;;;;;;;;;;;;;;
5054;1;SILVEIRAS;12;0;;23/01/2019 16:10;SILVEIRAS;;;3552007;;;C;;;7141;723000;0;0;;;0;0;N;1;;;;;N;;;;;;;;;;;;;;;;;;;;;;;;;;;;;;;
5055;18;SILVES;92;0;;23/01/2019 16:12;SILVES;;;1304005;;;C;;;277;87800;0;0;;;0;0;N;1;;;;;N;;;;;;;;;;;;;;;;;;;;;;;;;;;;;;;
5056;2;SILVIANOPOLIS;35;0;;23/01/2019 16:14;SILVIANOPOLIS;;;3167400;;;C;;;5347;522400;0;0;;;0;0;N;1;;;;;N;;;;;;;;;;;;;;;;;;;;;;;;;;;;;;;
5057;22;SIMAO DIAS;79;0;;23/01/2019 16:17;SIMAO DIAS;;;2807105;;;C;;;3241;330000;0;0;;;0;0;N;1;;;;;N;;;;;;;;;;;;;;;;;;;;;;;;;;;;;;;
5058;2;SIMAO PEREIRA;32;0;;23/01/2019 16:19;SIMAO PEREIRA;;;3167509;;;C;;;5349;557900;0;0;;;0;0;N;1;;;;;N;;;;;;;;;;;;;;;;;;;;;;;;;;;;;;;
5059;23;SIMOES;89;0;;23/01/2019 16:21;SIMOES;;;2210706;;;C;;;1213;148200;0;0;;;0;0;N;1;;;;;N;;;;;;;;;;;;;;;;;;;;;;;;;;;;;;;
5060;6;SIMOES FILHO;71;0;;23/01/2019 16:23;SIMOES FILHO;;;2930709;;;C;;;3913;393600;0;0;;;0;0;N;1;;;;;N;;;;;;;;;;;;;;;;;;;;;;;;;;;;;;;
5061;4;SIMOLANDIA;62;0;;23/01/2019 16:25;SIMOLANDIA;;;5220686;;;C;;;9755;16300;0;0;;;0;0;N;1;;;;;N;;;;;;;;;;;;;;;;;;;;;;;;;;;;;;;
5062;2;SIMONESIA;33;0;;23/01/2019 16:27;SIMONESIA;;;3167608;;;C;;;5351;483800;0;0;;;0;0;N;1;;;;;N;;;;;;;;;;;;;;;;;;;;;;;;;;;;;;;
5063;23;SIMPLICIO MENDES;89;0;;23/01/2019 16:12;SIMPLICIO MENDES;;;2210805;;;C;;;1215;154100;0;0;;;0;0;N;1;;;;;N;;;;;;;;;;;;;;;;;;;;;;;;;;;;;;;
5064;15;SINIMBU;51;0;;23/01/2019 16:14;SINIMBU;;;4320677;;;C;;;5767;95300;0;0;;;0;0;N;1;;;;;N;;;;;;;;;;;;;;;;;;;;;;;;;;;;;;;
5065;5;SINOP;66;0;;23/01/2019 16:16;SINOP;;;5107909;;;C;;;8985;60600;0;0;;;0;0;N;1;;;;;N;;;;;;;;;;;;;;;;;;;;;;;;;;;;;;;
5066;8;SIQUEIRA CAMPOS;43;0;;23/01/2019 16:18;SIQUEIRA CAMPOS;;;4126603;;;C;;;7907;743200;0;0;;;0;0;N;1;;;;;N;;;;;;;;;;;;;;;;;;;;;;;;;;;;;;;
5067;10;SIRINHAEM;81;0;;23/01/2019 16:21;SIRINHAEM;;;2614204;;;C;;;2583;301700;0;0;;;0;0;N;1;;;;;N;;;;;;;;;;;;;;;;;;;;;;;;;;;;;;;
5068;22;SIRIRI;79;0;;23/01/2019 16:22;SIRIRI;;;2807204;;;C;;;3243;327600;0;0;;;0;0;N;1;;;;;N;;;;;;;;;;;;;;;;;;;;;;;;;;;;;;;
5069;4;SITIO D'ABADIA;62;0;;23/01/2019 16:24;SITIO D'ABADIA;;;5220702;;;C;;;9611;16200;0;0;;;0;0;N;1;;;;;N;;;;;;;;;;;;;;;;;;;;;;;;;;;;;;;
5070;6;SITIO DO MATO;77;0;;23/01/2019 16:26;SITIO DO MATO;;;2930758;;;C;;;3041;30700;0;0;;;0;0;N;1;;;;;N;;;;;;;;;;;;;;;;;;;;;;;;;;;;;;;
5071;6;SITIO DO QUINTO;75;0;;23/01/2019 16:11;SITIO DO QUINTO;;;2930766;;;C;;;3043;30000;0;0;;;0;0;N;1;;;;;N;;;;;;;;;;;;;;;;;;;;;;;;;;;;;;;
5072;31;SITIO NOVO;99;0;;23/01/2019 16:13;SITIO NOVO;;;2111805;;;C;;;929;125900;0;0;;;0;0;N;1;;;;;N;;;;;;;;;;;;;;;;;;;;;;;;;;;;;;;
5073;26;SITIO NOVO;84;0;;23/01/2019 16:15;SITIO NOVO;;;2413706;;;C;;;1871;232400;0;0;;;0;0;N;1;;;;;N;;;;;;;;;;;;;;;;;;;;;;;;;;;;;;;
5074;14;SITIO NOVO DO TOCANTINS;63;0;;23/01/2019 16:17;SITIO NOVO DO TOCANTINS;;;1720804;;;C;;;9613;1200;0;0;;;0;0;N;1;;;;;N;;;;;;;;;;;;;;;;;;;;;;;;;;;;;;;
5075;6;SOBRADINHO;74;0;;23/01/2019 16:20;SOBRADINHO;;;2930774;;;C;;;3045;39000;0;0;;;0;0;N;1;;;;;N;;;;;;;;;;;;;;;;;;;;;;;;;;;;;;;
5076;15;SOBRADINHO;51;0;;23/01/2019 16:22;SOBRADINHO;;;4320701;;;C;;;8917;860700;0;0;;;0;0;N;1;;;;;N;;;;;;;;;;;;;;;;;;;;;;;;;;;;;;;
5077;17;SOBRADO;83;0;;23/01/2019 16:24;SOBRADO;;;2515971;;;C;;;534;263401;0;0;;;0;0;N;1;;;;;N;;;;;;;;;;;;;;;;;;;;;;;;;;;;;;;
5078;21;SOBRAL;88;0;;23/01/2019 16:26;SOBRAL;;;2312908;;;C;;;1559;169100;0;0;;;0;0;N;1;;;;;N;;;;;;;;;;;;;;;;;;;;;;;;;;;;;;;
5079;2;SOBRALIA;33;0;;23/01/2019 16:11;SOBRALIA;;;3167707;;;C;;;5353;470300;0;0;;;0;0;N;1;;;;;N;;;;;;;;;;;;;;;;;;;;;;;;;;;;;;;
5080;1;SOCORRO;19;0;;23/01/2019 16:13;SOCORRO;;;3552106;;;C;;;7143;669300;0;0;;;0;0;N;1;;;;;N;;;;;;;;;;;;;;;;;;;;;;;;;;;;;;;
5081;23;SOCORRO DO PIAUI;89;0;;23/01/2019 16:15;SOCORRO DO PIAUI;;;2210904;;;C;;;1217;154200;0;0;;;0;0;N;1;;;;;N;;;;;;;;;;;;;;;;;;;;;;;;;;;;;;;
5082;17;SOLANEA;83;0;;22/01/2019 23:41;SOLANEA;;;2516003;;;C;;;2221;259900;0;0;;;0;0;N;1;;;;;N;;;;;;;;;;;;;;;;;;;;;;;;;;;;;;;
5083;17;SOLEDADE;83;0;;22/01/2019 23:44;SOLEDADE;;;2516102;;;C;;;2223;252100;0;0;;;0;0;N;1;;;;;N;;;;;;;;;;;;;;;;;;;;;;;;;;;;;;;
5084;15;SOLEDADE;54;0;;22/01/2019 23:46;SOLEDADE;;;4320800;;;C;;;8919;919100;0;0;;;0;0;N;1;;;;;N;;;;;;;;;;;;;;;;;;;;;;;;;;;;;;;
5085;2;SOLEDADE DE MINAS;35;0;;22/01/2019 23:48;SOLEDADE DE MINAS;;;3167806;;;C;;;5355;522500;0;0;;;0;0;N;1;;;;;N;;;;;;;;;;;;;;;;;;;;;;;;;;;;;;;
5086;10;SOLIDAO;87;0;;22/01/2019 23:50;SOLIDAO;;;2614402;;;C;;;2587;275500;0;0;;;0;0;N;1;;;;;N;;;;;;;;;;;;;;;;;;;;;;;;;;;;;;;
5087;21;SOLONOPOLE;88;0;;22/01/2019 23:35;SOLONOPOLE;;;2313005;;;C;;;1561;196300;0;0;;;0;0;N;1;;;;;N;;;;;;;;;;;;;;;;;;;;;;;;;;;;;;;
5088;13;SOMBRIO;48;0;;22/01/2019 23:37;SOMBRIO;;;4217709;;;C;;;8349;824600;0;0;;;0;0;N;1;;;;;N;;;;;;;;;;;;;;;;;;;;;;;;;;;;;;;
5089;12;SONORA;67;0;;22/01/2019 23:39;SONORA;;;5007935;;;C;;;9757;17900;0;0;;;0;0;N;1;;;;;N;;;;;;;;;;;;;;;;;;;;;;;;;;;;;;;
5090;16;SOORETAMA;27;0;;22/01/2019 23:40;SOORETAMA;;;3205010;;;C;;;766;154400;0;0;;;0;0;N;1;;;;;N;;;;;;;;;;;;;;;;;;;;;;;;;;;;;;;
5091;1;SOROCABA;15;0;;22/01/2019 23:43;SOROCABA;;;3552205;;;C;;;7145;659900;0;0;;;0;0;N;1;;;;;N;;;;;;;;;;;;;;;;;;;;;;;;;;;;;;;
5092;5;SORRISO;66;0;;22/01/2019 23:45;SORRISO;;;5107925;;;C;;;9907;61400;0;0;;;0;0;N;1;;;;;N;;;;;;;;;;;;;;;;;;;;;;;;;;;;;;;
5093;17;SOSSEGO;83;0;;22/01/2019 23:47;SOSSEGO;;;2516151;;;C;;;536;241402;0;0;;;0;0;N;1;;;;;N;;;;;;;;;;;;;;;;;;;;;;;;;;;;;;;
5094;9;SOURE;91;0;;22/01/2019 23:49;SOURE;;;1507904;;;C;;;557;98200;0;0;;;0;0;N;1;;;;;N;;;;;;;;;;;;;;;;;;;;;;;;;;;;;;;
5095;17;SOUSA;83;0;;22/01/2019 23:52;SOUSA;;;2516201;;;C;;;2225;248900;0;0;;;0;0;N;1;;;;;N;;;;;;;;;;;;;;;;;;;;;;;;;;;;;;;
5096;6;SOUTO SOARES;75;0;;22/01/2019 23:36;SOUTO SOARES;;;2930808;;;C;;;3915;342100;0;0;;;0;0;N;1;;;;;N;;;;;;;;;;;;;;;;;;;;;;;;;;;;;;;
5097;14;SUCUPIRA;63;0;;22/01/2019 23:38;SUCUPIRA;;;1720853;;;C;;;335;65600;0;0;;;0;0;N;1;;;;;N;;;;;;;;;;;;;;;;;;;;;;;;;;;;;;;
5098;31;SUCUPIRA DO NORTE;99;0;;22/01/2019 23:40;SUCUPIRA DO NORTE;;;2111904;;;C;;;931;139900;0;0;;;0;0;N;1;;;;;N;;;;;;;;;;;;;;;;;;;;;;;;;;;;;;;
5099;31;SUCUPIRA DO RIACHAO;99;0;;22/01/2019 23:43;SUCUPIRA DO RIACHAO;;;2111953;;;C;;;256;166100;0;0;;;0;0;N;1;;;;;N;;;;;;;;;;;;;;;;;;;;;;;;;;;;;;;
5100;1;SUD MENUCCI;18;0;;22/01/2019 23:45;SUD MENUCCI;;;3552304;;;C;;;7147;672800;0;0;;;0;0;N;1;;;;;N;;;;;;;;;;;;;;;;;;;;;;;;;;;;;;;
5101;13;SUL BRASIL;49;0;;22/01/2019 23:47;SUL BRASIL;;;4217758;;;C;;;5595;92600;0;0;;;0;0;N;1;;;;;N;;;;;;;;;;;;;;;;;;;;;;;;;;;;;;;
5102;8;SULINA;46;0;;22/01/2019 23:49;SULINA;;;4126652;;;C;;;8477;44000;0;0;;;0;0;N;1;;;;;N;;;;;;;;;;;;;;;;;;;;;;;;;;;;;;;
5103;1;SUMARE;19;0;;22/01/2019 23:51;SUMARE;;;3552403;;;C;;;7149;653900;0;0;;;0;0;N;1;;;;;N;;;;;;;;;;;;;;;;;;;;;;;;;;;;;;;
5104;17;SUME;83;0;;22/01/2019 23:36;SUME;;;2516300;;;C;;;2227;252200;0;0;;;0;0;N;1;;;;;N;;;;;;;;;;;;;;;;;;;;;;;;;;;;;;;
5105;7;SUMIDOURO;22;0;;22/01/2019 23:38;SUMIDOURO;;;3305703;;;C;;;5913;596400;0;0;;;0;0;N;1;;;;;N;;;;;;;;;;;;;;;;;;;;;;;;;;;;;;;
5106;10;SURUBIM;81;0;;22/01/2019 23:39;SURUBIM;;;2614501;;;C;;;2589;283000;0;0;;;0;0;N;1;;;;;N;;;;;;;;;;;;;;;;;;;;;;;;;;;;;;;
5107;23;SUSSUAPARA;89;0;;22/01/2019 23:42;SUSSUAPARA;;;2210938;;;C;;;400;199100;0;0;;;0;0;N;1;;;;;N;;;;;;;;;;;;;;;;;;;;;;;;;;;;;;;
5108;1;SUZANAPOLIS;18;0;;22/01/2019 23:44;SUZANAPOLIS;;;3552551;;;C;;;2945;66800;0;0;;;0;0;N;1;;;;;N;;;;;;;;;;;;;;;;;;;;;;;;;;;;;;;
5109;1;SUZANO;11;0;;22/01/2019 23:46;SUZANO;;;3552502;;;C;;;7151;714500;0;0;;;0;0;N;1;;;;;N;;;;;;;;;;;;;;;;;;;;;;;;;;;;;;;
5110;15;TABAI;51;0;;22/01/2019 23:48;TABAI;;;4320859;;;C;;;1016;183000;0;0;;;0;0;N;1;;;;;N;;;;;;;;;;;;;;;;;;;;;;;;;;;;;;;
5111;5;TABAPORA;66;0;;22/01/2019 23:51;TABAPORA;;;5107941;;;C;;;125;126200;0;0;;;0;0;N;1;;;;;N;;;;;;;;;;;;;;;;;;;;;;;;;;;;;;;
5112;1;TABAPUA;17;0;;22/01/2019 23:35;TABAPUA;;;3552601;;;C;;;7153;636000;0;0;;;0;0;N;1;;;;;N;;;;;;;;;;;;;;;;;;;;;;;;;;;;;;;
5113;18;TABATINGA;97;0;;22/01/2019 23:37;TABATINGA;;;1304062;;;C;;;9847;80500;0;0;;;0;0;N;1;;;;;N;;;;;;;;;;;;;;;;;;;;;;;;;;;;;;;
5114;1;TABATINGA;16;0;;22/01/2019 23:39;TABATINGA;;;3552700;;;C;;;7155;647000;0;0;;;0;0;N;1;;;;;N;;;;;;;;;;;;;;;;;;;;;;;;;;;;;;;
5115;10;TABIRA;87;0;;22/01/2019 23:41;TABIRA;;;2614600;;;C;;;2591;275600;0;0;;;0;0;N;1;;;;;N;;;;;;;;;;;;;;;;;;;;;;;;;;;;;;;
5116;1;TABOAO DA SERRA;11;0;;22/01/2019 23:44;TABOAO DA SERRA;;;3552809;;;C;;;7157;714600;0;0;;;0;0;N;1;;;;;N;;;;;;;;;;;;;;;;;;;;;;;;;;;;;;;
5117;6;TABOCAS DO BREJO VELHO;77;0;;22/01/2019 23:46;TABOCAS DO BREJO VELHO;;;2930907;;;C;;;3917;333600;0;0;;;0;0;N;1;;;;;N;;;;;;;;;;;;;;;;;;;;;;;;;;;;;;;
5118;26;TABOLEIRO GRANDE;84;0;;22/01/2019 23:48;TABOLEIRO GRANDE;;;2413805;;;C;;;1873;223400;0;0;;;0;0;N;1;;;;;N;;;;;;;;;;;;;;;;;;;;;;;;;;;;;;;
5119;2;TABULEIRO;32;0;;22/01/2019 23:50;TABULEIRO;;;3167905;;;C;;;5357;494000;0;0;;;0;0;N;1;;;;;N;;;;;;;;;;;;;;;;;;;;;;;;;;;;;;;
5120;21;TABULEIRO DO NORTE;88;0;;22/01/2019 23:35;TABULEIRO DO NORTE;;;2313104;;;C;;;1563;186800;0;0;;;0;0;N;1;;;;;N;;;;;;;;;;;;;;;;;;;;;;;;;;;;;;;
5121;10;TACAIMBO;81;0;;22/01/2019 23:37;TACAIMBO;;;2614709;;;C;;;2593;286800;0;0;;;0;0;N;1;;;;;N;;;;;;;;;;;;;;;;;;;;;;;;;;;;;;;
5122;10;TACARATU;87;0;;22/01/2019 23:39;TACARATU;;;2614808;;;C;;;2595;278500;0;0;;;0;0;N;1;;;;;N;;;;;;;;;;;;;;;;;;;;;;;;;;;;;;;
5123;1;TACIBA;18;0;;22/01/2019 23:41;TACIBA;;;3552908;;;C;;;7159;690900;0;0;;;0;0;N;1;;;;;N;;;;;;;;;;;;;;;;;;;;;;;;;;;;;;;
5124;12;TACURU;67;0;;22/01/2019 23:43;TACURU;;;5007950;;;C;;;9815;51400;0;0;;;0;0;N;1;;;;;N;;;;;;;;;;;;;;;;;;;;;;;;;;;;;;;
5125;1;TAGUAI;14;0;;22/01/2019 23:45;TAGUAI;;;3553005;;;C;;;7161;697300;0;0;;;0;0;N;1;;;;;N;;;;;;;;;;;;;;;;;;;;;;;;;;;;;;;
5126;14;TAGUATINGA;63;0;;22/01/2019 23:47;TAGUATINGA;;;1720903;;;C;;;9615;10300;0;0;;;0;0;N;1;;;;;N;;;;;;;;;;;;;;;;;;;;;;;;;;;;;;;
5127;1;TAIACU;16;0;;22/01/2019 23:49;TAIACU;;;3553104;;;C;;;7163;641100;0;0;;;0;0;N;1;;;;;N;;;;;;;;;;;;;;;;;;;;;;;;;;;;;;;
5128;9;TAILANDIA;91;0;;22/01/2019 23:51;TAILANDIA;;;1507953;;;C;;;395;3900;0;0;;;0;0;N;1;;;;;N;;;;;;;;;;;;;;;;;;;;;;;;;;;;;;;
5129;13;TAIO;47;0;;22/01/2019 23:36;TAIO;;;4217808;;;C;;;8351;813100;0;0;;;0;0;N;1;;;;;N;;;;;;;;;;;;;;;;;;;;;;;;;;;;;;;
5130;2;TAIOBEIRAS;38;0;;22/01/2019 23:38;TAIOBEIRAS;;;3168002;;;C;;;5359;420200;0;0;;;0;0;N;1;;;;;N;;;;;;;;;;;;;;;;;;;;;;;;;;;;;;;
5131;14;TAIPAS DO TOCANTINS;63;0;;22/01/2019 23:40;TAIPAS DO TOCANTINS;;;1720937;;;C;;;325;57300;0;0;;;0;0;N;1;;;;;N;;;;;;;;;;;;;;;;;;;;;;;;;;;;;;;
5132;26;TAIPU;84;0;;22/01/2019 23:42;TAIPU;;;2413904;;;C;;;1875;230300;0;0;;;0;0;N;1;;;;;N;;;;;;;;;;;;;;;;;;;;;;;;;;;;;;;
5133;1;TAIUVA;16;0;;22/01/2019 23:45;TAIUVA;;;3553203;;;C;;;7165;641200;0;0;;;0;0;N;1;;;;;N;;;;;;;;;;;;;;;;;;;;;;;;;;;;;;;
5134;14;TALISMA;63;0;;22/01/2019 23:46;TALISMA;;;1720978;;;C;;;100;175100;0;0;;;0;0;N;1;;;;;N;;;;;;;;;;;;;;;;;;;;;;;;;;;;;;;
5135;10;TAMANDARE;81;0;;22/01/2019 23:49;TAMANDARE;;;2614857;;;C;;;558;177400;0;0;;;0;0;N;1;;;;;N;;;;;;;;;;;;;;;;;;;;;;;;;;;;;;;
5136;8;TAMARANA;43;0;;22/01/2019 23:51;TAMARANA;;;4126678;;;C;;;884;179400;0;0;;;0;0;N;1;;;;;N;;;;;;;;;;;;;;;;;;;;;;;;;;;;;;;
5137;1;TAMBAU;19;0;;22/01/2019 23:36;TAMBAU;;;3553302;;;C;;;7167;666000;0;0;;;0;0;N;1;;;;;N;;;;;;;;;;;;;;;;;;;;;;;;;;;;;;;
5138;8;TAMBOARA;44;0;;22/01/2019 23:38;TAMBOARA;;;4126702;;;C;;;7909;793000;0;0;;;0;0;N;1;;;;;N;;;;;;;;;;;;;;;;;;;;;;;;;;;;;;;
5139;21;TAMBORIL;88;0;;22/01/2019 23:40;TAMBORIL;;;2313203;;;C;;;1565;178100;0;0;;;0;0;N;1;;;;;N;;;;;;;;;;;;;;;;;;;;;;;;;;;;;;;
5140;23;TAMBORIL DO PIAUI;89;0;;22/01/2019 23:42;TAMBORIL DO PIAUI;;;2210953;;;C;;;402;199200;0;0;;;0;0;N;1;;;;;N;;;;;;;;;;;;;;;;;;;;;;;;;;;;;;;
5141;1;TANABI;17;0;;22/01/2019 23:44;TANABI;;;3553401;;;C;;;7169;633100;0;0;;;0;0;N;1;;;;;N;;;;;;;;;;;;;;;;;;;;;;;;;;;;;;;
5142;26;TANGARA;84;0;;22/01/2019 23:46;TANGARA;;;2414001;;;C;;;1877;232500;0;0;;;0;0;N;1;;;;;N;;;;;;;;;;;;;;;;;;;;;;;;;;;;;;;
5143;13;TANGARA;49;0;;22/01/2019 23:48;TANGARA;;;4217907;;;C;;;8353;834300;0;0;;;0;0;N;1;;;;;N;;;;;;;;;;;;;;;;;;;;;;;;;;;;;;;
5144;5;TANGARA DA SERRA;65;0;;22/01/2019 23:50;TANGARA DA SERRA;;;5107958;;;C;;;9185;64600;0;0;;;0;0;N;1;;;;;N;;;;;;;;;;;;;;;;;;;;;;;;;;;;;;;
5145;7;TANGUA;21;0;;22/01/2019 23:35;TANGUA;;;3305752;;;C;;;788;180300;0;0;;;0;0;N;1;;;;;N;;;;;;;;;;;;;;;;;;;;;;;;;;;;;;;
5146;6;TANHACU;77;0;;22/01/2019 23:37;TANHACU;;;2931004;;;C;;;3919;347400;0;0;;;0;0;N;1;;;;;N;;;;;;;;;;;;;;;;;;;;;;;;;;;;;;;
5147;19;TANQUE D'ARCA;82;0;;22/01/2019 23:39;TANQUE D'ARCA;;;2709004;;;C;;;2879;312400;0;0;;;0;0;N;1;;;;;N;;;;;;;;;;;;;;;;;;;;;;;;;;;;;;;
5148;23;TANQUE DO PIAUI;89;0;;22/01/2019 23:41;TANQUE DO PIAUI;;;2210979;;;C;;;404;212600;0;0;;;0;0;N;1;;;;;N;;;;;;;;;;;;;;;;;;;;;;;;;;;;;;;
5149;6;TANQUE NOVO;77;0;;22/01/2019 23:43;TANQUE NOVO;;;2931053;;;C;;;3991;347700;0;0;;;0;0;N;1;;;;;N;;;;;;;;;;;;;;;;;;;;;;;;;;;;;;;
5150;6;TANQUINHO;75;0;;22/01/2019 23:45;TANQUINHO;;;2931103;;;C;;;3921;369500;0;0;;;0;0;N;1;;;;;N;;;;;;;;;;;;;;;;;;;;;;;;;;;;;;;
5151;2;TAPARUBA;33;0;;22/01/2019 23:48;TAPARUBA;;;3168051;;;C;;;738;473801;0;0;;;0;0;N;1;;;;;N;;;;;;;;;;;;;;;;;;;;;;;;;;;;;;;
5152;18;TAPAUA;97;0;;22/01/2019 23:50;TAPAUA;;;1304104;;;C;;;279;82400;0;0;;;0;0;N;1;;;;;N;;;;;;;;;;;;;;;;;;;;;;;;;;;;;;;
5153;8;TAPEJARA;44;0;;22/01/2019 23:52;TAPEJARA;;;4126801;;;C;;;7911;801600;0;0;;;0;0;N;1;;;;;N;;;;;;;;;;;;;;;;;;;;;;;;;;;;;;;
5154;15;TAPEJARA;54;0;;22/01/2019 23:36;TAPEJARA;;;4320909;;;C;;;8921;905100;0;0;;;0;0;N;1;;;;;N;;;;;;;;;;;;;;;;;;;;;;;;;;;;;;;
5155;15;TAPERA;54;0;;22/01/2019 23:39;TAPERA;;;4321006;;;C;;;8923;873903;0;0;;;0;0;N;1;;;;;N;;;;;;;;;;;;;;;;;;;;;;;;;;;;;;;
5156;17;TAPEROA;83;0;;22/01/2019 23:41;TAPEROA;;;2516508;;;C;;;2231;252300;0;0;;;0;0;N;1;;;;;N;;;;;;;;;;;;;;;;;;;;;;;;;;;;;;;
5157;6;TAPEROA;75;0;;22/01/2019 23:43;TAPEROA;;;2931202;;;C;;;3923;397900;0;0;;;0;0;N;1;;;;;N;;;;;;;;;;;;;;;;;;;;;;;;;;;;;;;
5158;15;TAPES;51;0;;22/01/2019 23:45;TAPES;;;4321105;;;C;;;8925;870900;0;0;;;0;0;N;1;;;;;N;;;;;;;;;;;;;;;;;;;;;;;;;;;;;;;
5159;2;TAPIRA;34;0;;22/01/2019 23:47;TAPIRA;;;3168101;;;C;;;5361;500000;0;0;;;0;0;N;1;;;;;N;;;;;;;;;;;;;;;;;;;;;;;;;;;;;;;
5160;8;TAPIRA;44;0;;22/01/2019 23:49;TAPIRA;;;4126900;;;C;;;7973;801700;0;0;;;0;0;N;1;;;;;N;;;;;;;;;;;;;;;;;;;;;;;;;;;;;;;
5161;2;TAPIRAI;37;0;;22/01/2019 23:51;TAPIRAI;;;3168200;;;C;;;5363;503500;0;0;;;0;0;N;1;;;;;N;;;;;;;;;;;;;;;;;;;;;;;;;;;;;;;
5162;1;TAPIRAI;15;0;;22/01/2019 23:36;TAPIRAI;;;3553500;;;C;;;7171;707600;0;0;;;0;0;N;1;;;;;N;;;;;;;;;;;;;;;;;;;;;;;;;;;;;;;
5163;6;TAPIRAMUTA;74;0;;22/01/2019 23:38;TAPIRAMUTA;;;2931301;;;C;;;3925;362200;0;0;;;0;0;N;1;;;;;N;;;;;;;;;;;;;;;;;;;;;;;;;;;;;;;
5164;1;TAPIRATIBA;19;0;;22/01/2019 23:40;TAPIRATIBA;;;3553609;;;C;;;7173;667600;0;0;;;0;0;N;1;;;;;N;;;;;;;;;;;;;;;;;;;;;;;;;;;;;;;
5165;5;TAPURAH;66;0;;22/01/2019 23:42;TAPURAH;;;5108006;;;C;;;9763;14700;0;0;;;0;0;N;1;;;;;N;;;;;;;;;;;;;;;;;;;;;;;;;;;;;;;
5166;15;TAQUARA;51;0;;22/01/2019 23:44;TAQUARA;;;4321204;;;C;;;8927;854500;0;0;;;0;0;N;1;;;;;N;;;;;;;;;;;;;;;;;;;;;;;;;;;;;;;
5167;2;TAQUARACU DE MINAS;31;0;;22/01/2019 23:47;TAQUARACU DE MINAS;;;3168309;;;C;;;5365;562400;0;0;;;0;0;N;1;;;;;N;;;;;;;;;;;;;;;;;;;;;;;;;;;;;;;
5168;1;TAQUARAL;16;0;;22/01/2019 23:49;TAQUARAL;;;3553658;;;C;;;824;189200;0;0;;;0;0;N;1;;;;;N;;;;;;;;;;;;;;;;;;;;;;;;;;;;;;;
5169;4;TAQUARAL DE GOIAS;62;0;;22/01/2019 23:51;TAQUARAL DE GOIAS;;;5221007;;;C;;;9617;28700;0;0;;;0;0;N;1;;;;;N;;;;;;;;;;;;;;;;;;;;;;;;;;;;;;;
5170;19;TAQUARANA;82;0;;22/01/2019 23:35;TAQUARANA;;;2709103;;;C;;;2881;314300;0;0;;;0;0;N;1;;;;;N;;;;;;;;;;;;;;;;;;;;;;;;;;;;;;;
5171;15;TAQUARI;51;0;;22/01/2019 23:38;TAQUARI;;;4321303;;;C;;;8929;867000;0;0;;;0;0;N;1;;;;;N;;;;;;;;;;;;;;;;;;;;;;;;;;;;;;;
5172;1;TAQUARITINGA;16;0;;22/01/2019 23:40;TAQUARITINGA;;;3553708;;;C;;;7175;641300;0;0;;;0;0;N;1;;;;;N;;;;;;;;;;;;;;;;;;;;;;;;;;;;;;;
5173;10;TAQUARITINGA DO NORTE;81;0;;22/01/2019 23:42;TAQUARITINGA DO NORTE;;;2615003;;;C;;;2599;283100;0;0;;;0;0;N;1;;;;;N;;;;;;;;;;;;;;;;;;;;;;;;;;;;;;;
5174;1;TAQUARITUBA;14;0;;22/01/2019 23:44;TAQUARITUBA;;;3553807;;;C;;;7177;700300;0;0;;;0;0;N;1;;;;;N;;;;;;;;;;;;;;;;;;;;;;;;;;;;;;;
5175;1;TAQUARIVAI;15;0;;22/01/2019 23:46;TAQUARIVAI;;;3553856;;;C;;;3063;80700;0;0;;;0;0;N;1;;;;;N;;;;;;;;;;;;;;;;;;;;;;;;;;;;;;;
5176;15;TAQUARUCU DO SUL;55;0;;22/01/2019 23:48;TAQUARUCU DO SUL;;;4321329;;;C;;;7313;49100;0;0;;;0;0;N;1;;;;;N;;;;;;;;;;;;;;;;;;;;;;;;;;;;;;;
5177;12;TAQUARUSSU;67;0;;22/01/2019 23:50;TAQUARUSSU;;;5007976;;;C;;;9817;51500;0;0;;;0;0;N;1;;;;;N;;;;;;;;;;;;;;;;;;;;;;;;;;;;;;;
5178;1;TARABAI;18;0;;22/01/2019 23:35;TARABAI;;;3553906;;;C;;;7179;691000;0;0;;;0;0;N;1;;;;;N;;;;;;;;;;;;;;;;;;;;;;;;;;;;;;;
5179;20;TARAUACA;68;0;;22/01/2019 23:37;TARAUACA;;;1200609;;;C;;;147;77900;0;0;;;0;0;N;1;;;;;N;;;;;;;;;;;;;;;;;;;;;;;;;;;;;;;
5180;21;TARRAFAS;88;0;;23/01/2019 00:01;TARRAFAS;;;2313252;;;C;;;1275;20500;0;0;;;0;0;N;1;;;;;N;;;;;;;;;;;;;;;;;;;;;;;;;;;;;;;
5181;28;TARTARUGALZINHO;96;0;;23/01/2019 00:03;TARTARUGALZINHO;;;1600709;;;C;;;617;8700;0;0;;;0;0;N;1;;;;;N;;;;;;;;;;;;;;;;;;;;;;;;;;;;;;;
5182;1;TARUMA;18;0;;23/01/2019 00:05;TARUMA;;;3553955;;;C;;;7267;140400;0;0;;;0;0;N;1;;;;;N;;;;;;;;;;;;;;;;;;;;;;;;;;;;;;;
5183;2;TARUMIRIM;33;0;;23/01/2019 00:08;TARUMIRIM;;;3168408;;;C;;;5367;470400;0;0;;;0;0;N;1;;;;;N;;;;;;;;;;;;;;;;;;;;;;;;;;;;;;;
5184;31;TASSO FRAGOSO;99;0;;23/01/2019 00:10;TASSO FRAGOSO;;;2112001;;;C;;;933;137900;0;0;;;0;0;N;1;;;;;N;;;;;;;;;;;;;;;;;;;;;;;;;;;;;;;
5185;1;TATUI;15;0;;23/01/2019 00:12;TATUI;;;3554003;;;C;;;7181;657800;0;0;;;0;0;N;1;;;;;N;;;;;;;;;;;;;;;;;;;;;;;;;;;;;;;
5186;21;TAUA;88;0;;23/01/2019 00:14;TAUA;;;2313302;;;C;;;1567;201300;0;0;;;0;0;N;1;;;;;N;;;;;;;;;;;;;;;;;;;;;;;;;;;;;;;
5187;1;TAUBATE;12;0;;22/01/2019 23:59;TAUBATE;;;3554102;;;C;;;7183;705700;0;0;;;0;0;N;1;;;;;N;;;;;;;;;;;;;;;;;;;;;;;;;;;;;;;
5188;17;TAVARES;83;0;;23/01/2019 00:01;TAVARES;;;2516607;;;C;;;2233;255600;0;0;;;0;0;N;1;;;;;N;;;;;;;;;;;;;;;;;;;;;;;;;;;;;;;
5189;15;TAVARES;51;0;;23/01/2019 00:03;TAVARES;;;4321352;;;C;;;8971;873900;0;0;;;0;0;N;1;;;;;N;;;;;;;;;;;;;;;;;;;;;;;;;;;;;;;
5190;18;TEFE;97;0;;23/01/2019 00:04;TEFE;;;1304203;;;C;;;281;85700;0;0;;;0;0;N;1;;;;;N;;;;;;;;;;;;;;;;;;;;;;;;;;;;;;;
5191;17;TEIXEIRA;83;0;;23/01/2019 00:07;TEIXEIRA;;;2516706;;;C;;;2235;255700;0;0;;;0;0;N;1;;;;;N;;;;;;;;;;;;;;;;;;;;;;;;;;;;;;;
5192;6;TEIXEIRA DE FREITAS;73;0;;23/01/2019 00:09;TEIXEIRA DE FREITAS;;;2931350;;;C;;;3993;409800;0;0;;;0;0;N;1;;;;;N;;;;;;;;;;;;;;;;;;;;;;;;;;;;;;;
5193;8;TEIXEIRA SOARES;42;0;;23/01/2019 00:11;TEIXEIRA SOARES;;;4127007;;;C;;;7913;740000;0;0;;;0;0;N;1;;;;;N;;;;;;;;;;;;;;;;;;;;;;;;;;;;;;;
5194;2;TEIXEIRAS;31;0;;23/01/2019 00:13;TEIXEIRAS;;;3168507;;;C;;;5369;487600;0;0;;;0;0;N;1;;;;;N;;;;;;;;;;;;;;;;;;;;;;;;;;;;;;;
5195;11;TEIXEIROPOLIS;69;0;;22/01/2019 23:58;TEIXEIROPOLIS;;;1101559;;;C;;;22;203900;0;0;;;0;0;N;1;;;;;N;;;;;;;;;;;;;;;;;;;;;;;;;;;;;;;
5196;21;TEJUCUOCA;85;0;;23/01/2019 00:00;TEJUCUOCA;;;2313351;;;C;;;1277;161300;0;0;;;0;0;N;1;;;;;N;;;;;;;;;;;;;;;;;;;;;;;;;;;;;;;
5197;1;TEJUPA;14;0;;23/01/2019 00:02;TEJUPA;;;3554201;;;C;;;7185;697400;0;0;;;0;0;N;1;;;;;N;;;;;;;;;;;;;;;;;;;;;;;;;;;;;;;
5198;8;TELEMACO BORBA;42;0;;23/01/2019 00:04;TELEMACO BORBA;;;4127106;;;C;;;7915;735800;0;0;;;0;0;N;1;;;;;N;;;;;;;;;;;;;;;;;;;;;;;;;;;;;;;
5199;22;TELHA;79;0;;23/01/2019 00:06;TELHA;;;2807303;;;C;;;3245;323800;0;0;;;0;0;N;1;;;;;N;;;;;;;;;;;;;;;;;;;;;;;;;;;;;;;
5200;26;TENENTE LAURENTINO CRUZ;84;0;;23/01/2019 00:09;TENENTE LAURENTINO CRUZ;;;2414159;;;C;;;1879;223500;0;0;;;0;0;N;1;;;;;N;;;;;;;;;;;;;;;;;;;;;;;;;;;;;;;
5201;26;TENENTE ANANIAS;84;0;;23/01/2019 00:11;TENENTE ANANIAS;;;2414100;;;C;;;434;202400;0;0;;;0;0;N;1;;;;;N;;;;;;;;;;;;;;;;;;;;;;;;;;;;;;;
5202;15;TENENTE PORTELA;55;0;;23/01/2019 00:13;TENENTE PORTELA;;;4321402;;;C;;;8931;891200;0;0;;;0;0;N;1;;;;;N;;;;;;;;;;;;;;;;;;;;;;;;;;;;;;;
5203;17;TENORIO;83;0;;22/01/2019 23:58;TENORIO;;;2516755;;;C;;;538;240001;0;0;;;0;0;N;1;;;;;N;;;;;;;;;;;;;;;;;;;;;;;;;;;;;;;
5204;6;TEODORO SAMPAIO;75;0;;23/01/2019 00:00;TEODORO SAMPAIO;;;2931400;;;C;;;3927;388300;0;0;;;0;0;N;1;;;;;N;;;;;;;;;;;;;;;;;;;;;;;;;;;;;;;
5205;1;TEODORO SAMPAIO;18;0;;23/01/2019 00:02;TEODORO SAMPAIO;;;3554300;;;C;;;7187;691100;0;0;;;0;0;N;1;;;;;N;;;;;;;;;;;;;;;;;;;;;;;;;;;;;;;
5206;6;TEOFILANDIA;75;0;;23/01/2019 00:03;TEOFILANDIA;;;2931509;;;C;;;3929;366900;0;0;;;0;0;N;1;;;;;N;;;;;;;;;;;;;;;;;;;;;;;;;;;;;;;
5207;2;TEOFILO OTONI;33;0;;23/01/2019 00:06;TEOFILO OTONI;;;3168606;;;C;;;5371;438800;0;0;;;0;0;N;1;;;;;N;;;;;;;;;;;;;;;;;;;;;;;;;;;;;;;
5208;6;TEOLANDIA;73;0;;23/01/2019 00:08;TEOLANDIA;;;2931608;;;C;;;3931;404100;0;0;;;0;0;N;1;;;;;N;;;;;;;;;;;;;;;;;;;;;;;;;;;;;;;
5209;19;TEOTONIO VILELA;82;0;;23/01/2019 00:10;TEOTONIO VILELA;;;2709152;;;C;;;971;23200;0;0;;;0;0;N;1;;;;;N;;;;;;;;;;;;;;;;;;;;;;;;;;;;;;;
5210;12;TERENOS;67;0;;23/01/2019 00:12;TERENOS;;;5008008;;;C;;;9159;42500;0;0;;;0;0;N;1;;;;;N;;;;;;;;;;;;;;;;;;;;;;;;;;;;;;;
5211;23;TERESINA;86;0;;22/01/2019 23:57;TERESINA;;;2211001;;;C;;;1219;149200;0;0;;;0;0;N;1;;;;;N;;;;;;;;;;;;;;;;;;;;;;;;;;;;;;;
5212;4;TERESINA DE GOIAS;62;0;;22/01/2019 23:59;TERESINA DE GOIAS;;;5221080;;;C;;;9759;14600;0;0;;;0;0;N;1;;;;;N;;;;;;;;;;;;;;;;;;;;;;;;;;;;;;;
5213;7;TERESOPOLIS;21;0;;23/01/2019 00:01;TERESOPOLIS;;;3305802;;;C;;;5915;600300;0;0;;;0;0;N;1;;;;;N;;;;;;;;;;;;;;;;;;;;;;;;;;;;;;;
5214;10;TEREZINHA;87;0;;23/01/2019 00:03;TEREZINHA;;;2615102;;;C;;;2601;293000;0;0;;;0;0;N;1;;;;;N;;;;;;;;;;;;;;;;;;;;;;;;;;;;;;;
5215;4;TEREZOPOLIS DE GOIAS;62;0;;23/01/2019 00:05;TEREZOPOLIS DE GOIAS;;;5221197;;;C;;;57;52500;0;0;;;0;0;N;1;;;;;N;;;;;;;;;;;;;;;;;;;;;;;;;;;;;;;
5216;9;TERRA ALTA;91;0;;23/01/2019 00:07;TERRA ALTA;;;1507961;;;C;;;373;67500;0;0;;;0;0;N;1;;;;;N;;;;;;;;;;;;;;;;;;;;;;;;;;;;;;;
5217;8;TERRA BOA;44;0;;23/01/2019 00:09;TERRA BOA;;;4127205;;;C;;;7917;801800;0;0;;;0;0;N;1;;;;;N;;;;;;;;;;;;;;;;;;;;;;;;;;;;;;;
5218;15;TERRA DE AREIA;51;0;;23/01/2019 00:12;TERRA DE AREIA;;;4321436;;;C;;;7333;864500;0;0;;;0;0;N;1;;;;;N;;;;;;;;;;;;;;;;;;;;;;;;;;;;;;;
5219;10;TERRA NOVA;87;0;;23/01/2019 00:14;TERRA NOVA;;;2615201;;;C;;;2603;270300;0;0;;;0;0;N;1;;;;;N;;;;;;;;;;;;;;;;;;;;;;;;;;;;;;;
5220;6;TERRA NOVA;75;0;;22/01/2019 23:58;TERRA NOVA;;;2931707;;;C;;;3933;388400;0;0;;;0;0;N;1;;;;;N;;;;;;;;;;;;;;;;;;;;;;;;;;;;;;;
5221;5;TERRA NOVA DO NORTE;66;0;;23/01/2019 00:00;TERRA NOVA DO NORTE;;;5108055;;;C;;;9909;16400;0;0;;;0;0;N;1;;;;;N;;;;;;;;;;;;;;;;;;;;;;;;;;;;;;;
5222;8;TERRA RICA;44;0;;23/01/2019 00:02;TERRA RICA;;;4127304;;;C;;;7919;793100;0;0;;;0;0;N;1;;;;;N;;;;;;;;;;;;;;;;;;;;;;;;;;;;;;;
5223;1;TERRA ROXA;17;0;;23/01/2019 00:05;TERRA ROXA;;;3554409;;;C;;;7189;641400;0;0;;;0;0;N;1;;;;;N;;;;;;;;;;;;;;;;;;;;;;;;;;;;;;;
5224;8;TERRA ROXA;44;0;;23/01/2019 00:07;TERRA ROXA;;;4127403;;;C;;;7921;758500;0;0;;;0;0;N;1;;;;;N;;;;;;;;;;;;;;;;;;;;;;;;;;;;;;;
5225;9;TERRA SANTA;93;0;;23/01/2019 00:09;TERRA SANTA;;;1507979;;;C;;;637;67600;0;0;;;0;0;N;1;;;;;N;;;;;;;;;;;;;;;;;;;;;;;;;;;;;;;
5226;5;TESOURO;66;0;;23/01/2019 00:11;TESOURO;;;5108105;;;C;;;9161;72300;0;0;;;0;0;N;1;;;;;N;;;;;;;;;;;;;;;;;;;;;;;;;;;;;;;
5227;15;TEUTONIA;51;0;;23/01/2019 00:13;TEUTONIA;;;4321451;;;C;;;9821;858000;0;0;;;0;0;N;1;;;;;N;;;;;;;;;;;;;;;;;;;;;;;;;;;;;;;
5228;11;THEOBROMA;69;0;;22/01/2019 23:58;THEOBROMA;;;1101609;;;C;;;975;105700;0;0;;;0;0;N;1;;;;;N;;;;;;;;;;;;;;;;;;;;;;;;;;;;;;;
5229;21;TIANGUA;88;0;;23/01/2019 00:00;TIANGUA;;;2313401;;;C;;;1569;165500;0;0;;;0;0;N;1;;;;;N;;;;;;;;;;;;;;;;;;;;;;;;;;;;;;;
5230;8;TIBAGI;42;0;;23/01/2019 00:02;TIBAGI;;;4127502;;;C;;;7923;735900;0;0;;;0;0;N;1;;;;;N;;;;;;;;;;;;;;;;;;;;;;;;;;;;;;;
5231;26;TIBAU;84;0;;23/01/2019 00:04;TIBAU;;;2411056;;;C;;;428;181600;0;0;;;0;0;N;1;;;;;N;;;;;;;;;;;;;;;;;;;;;;;;;;;;;;;
5232;26;TIBAU DO SUL;84;0;;23/01/2019 00:06;TIBAU DO SUL;;;2414209;;;C;;;1881;237600;0;0;;;0;0;N;1;;;;;N;;;;;;;;;;;;;;;;;;;;;;;;;;;;;;;
5233;1;TIETE;15;0;;23/01/2019 00:08;TIETE;;;3554508;;;C;;;7191;657900;0;0;;;0;0;N;1;;;;;N;;;;;;;;;;;;;;;;;;;;;;;;;;;;;;;
5234;13;TIGRINHOS;49;0;;23/01/2019 00:11;TIGRINHOS;;;4217956;;;C;;;946;187400;0;0;;;0;0;N;1;;;;;N;;;;;;;;;;;;;;;;;;;;;;;;;;;;;;;
5235;13;TIJUCAS;48;0;;23/01/2019 00:13;TIJUCAS;;;4218004;;;C;;;8355;815200;0;0;;;0;0;N;1;;;;;N;;;;;;;;;;;;;;;;;;;;;;;;;;;;;;;
5236;8;TIJUCAS DO SUL;41;0;;22/01/2019 23:57;TIJUCAS DO SUL;;;4127601;;;C;;;7925;733700;0;0;;;0;0;N;1;;;;;N;;;;;;;;;;;;;;;;;;;;;;;;;;;;;;;
5237;10;TIMBAUBA;81;0;;22/01/2019 23:59;TIMBAUBA;;;2615300;;;C;;;2605;297900;0;0;;;0;0;N;1;;;;;N;;;;;;;;;;;;;;;;;;;;;;;;;;;;;;;
5238;26;TIMBAUBA DOS BATISTAS;84;0;;23/01/2019 00:01;TIMBAUBA DOS BATISTAS;;;2414308;;;C;;;1883;226900;0;0;;;0;0;N;1;;;;;N;;;;;;;;;;;;;;;;;;;;;;;;;;;;;;;
5239;13;TIMBE DO SUL;48;0;;23/01/2019 00:04;TIMBE DO SUL;;;4218103;;;C;;;8393;825900;0;0;;;0;0;N;1;;;;;N;;;;;;;;;;;;;;;;;;;;;;;;;;;;;;;
5240;31;TIMBIRAS;99;0;;23/01/2019 00:06;TIMBIRAS;;;2112100;;;C;;;935;134400;0;0;;;0;0;N;1;;;;;N;;;;;;;;;;;;;;;;;;;;;;;;;;;;;;;
5241;13;TIMBO;47;0;;23/01/2019 00:08;TIMBO;;;4218202;;;C;;;8357;809600;0;0;;;0;0;N;1;;;;;N;;;;;;;;;;;;;;;;;;;;;;;;;;;;;;;
5242;13;TIMBO GRANDE;49;0;;23/01/2019 00:10;TIMBO GRANDE;;;4218251;;;C;;;9971;44700;0;0;;;0;0;N;1;;;;;N;;;;;;;;;;;;;;;;;;;;;;;;;;;;;;;
5243;1;TIMBURI;14;0;;23/01/2019 00:12;TIMBURI;;;3554607;;;C;;;7193;697500;0;0;;;0;0;N;1;;;;;N;;;;;;;;;;;;;;;;;;;;;;;;;;;;;;;
5244;31;TIMON;99;0;;22/01/2019 23:57;TIMON;;;2112209;;;C;;;937;134500;0;0;;;0;0;N;1;;;;;N;;;;;;;;;;;;;;;;;;;;;;;;;;;;;;;
5245;2;TIMOTEO;31;0;;22/01/2019 23:59;TIMOTEO;;;3168705;;;C;;;5373;537700;0;0;;;0;0;N;1;;;;;N;;;;;;;;;;;;;;;;;;;;;;;;;;;;;;;
5246;15;TIO HUGO;54;0;;23/01/2019 00:01;TIO HUGO;;;4321469;;;C;;;1174;228000;0;0;;;0;0;N;1;;;;;N;;;;;;;;;;;;;;;;;;;;;;;;;;;;;;;
5247;2;TIRADENTES;32;0;;23/01/2019 00:03;TIRADENTES;;;3168804;;;C;;;5375;552700;0;0;;;0;0;N;1;;;;;N;;;;;;;;;;;;;;;;;;;;;;;;;;;;;;;
5248;15;TIRADENTES DO SUL;55;0;;23/01/2019 00:05;TIRADENTES DO SUL;;;4321477;;;C;;;6077;133100;0;0;;;0;0;N;1;;;;;N;;;;;;;;;;;;;;;;;;;;;;;;;;;;;;;
5249;2;TIROS;34;0;;23/01/2019 00:07;TIROS;;;3168903;;;C;;;5377;448800;0;0;;;0;0;N;1;;;;;N;;;;;;;;;;;;;;;;;;;;;;;;;;;;;;;
5250;22;TOBIAS BARRETO;79;0;;23/01/2019 00:09;TOBIAS BARRETO;;;2807402;;;C;;;3247;330700;0;0;;;0;0;N;1;;;;;N;;;;;;;;;;;;;;;;;;;;;;;;;;;;;;;
5251;14;TOCANTINIA;63;0;;23/01/2019 00:12;TOCANTINIA;;;1721109;;;C;;;9619;4800;0;0;;;0;0;N;1;;;;;N;;;;;;;;;;;;;;;;;;;;;;;;;;;;;;;
5252;14;TOCANTINOPOLIS;63;0;;23/01/2019 00:14;TOCANTINOPOLIS;;;1721208;;;C;;;9621;1300;0;0;;;0;0;N;1;;;;;N;;;;;;;;;;;;;;;;;;;;;;;;;;;;;;;
5253;2;TOCANTINS;32;0;;23/01/2019 16:12;TOCANTINS;;;3169000;;;C;;;5379;494100;0;0;;;0;0;N;1;;;;;N;;;;;;;;;;;;;;;;;;;;;;;;;;;;;;;
5254;2;TOCOS DO MOGI;35;0;;23/01/2019 16:14;TOCOS DO MOGI;;;3169059;;;C;;;740;215100;0;0;;;0;0;N;1;;;;;N;;;;;;;;;;;;;;;;;;;;;;;;;;;;;;;
5255;2;TOLEDO;35;0;;23/01/2019 16:16;TOLEDO;;;3169109;;;C;;;5381;530400;0;0;;;0;0;N;1;;;;;N;;;;;;;;;;;;;;;;;;;;;;;;;;;;;;;
5256;8;TOLEDO;45;0;;23/01/2019 16:19;TOLEDO;;;4127700;;;C;;;7927;758600;0;0;;;0;0;N;1;;;;;N;;;;;;;;;;;;;;;;;;;;;;;;;;;;;;;
5257;22;TOMAR DO GERU;79;0;;23/01/2019 16:20;TOMAR DO GERU;;;2807501;;;C;;;3249;330800;0;0;;;0;0;N;1;;;;;N;;;;;;;;;;;;;;;;;;;;;;;;;;;;;;;
5258;8;TOMAZINA;43;0;;23/01/2019 16:22;TOMAZINA;;;4127809;;;C;;;7929;743300;0;0;;;0;0;N;1;;;;;N;;;;;;;;;;;;;;;;;;;;;;;;;;;;;;;
5259;2;TOMBOS;32;0;;23/01/2019 16:25;TOMBOS;;;3169208;;;C;;;5383;490300;0;0;;;0;0;N;1;;;;;N;;;;;;;;;;;;;;;;;;;;;;;;;;;;;;;
5260;9;TOME-ACU;91;0;;23/01/2019 16:27;TOME-ACU;;;1508001;;;C;;;559;103800;0;0;;;0;0;N;1;;;;;N;;;;;;;;;;;;;;;;;;;;;;;;;;;;;;;
5261;18;TONANTINS;97;0;;23/01/2019 16:11;TONANTINS;;;1304237;;;C;;;9851;80600;0;0;;;0;0;N;1;;;;;N;;;;;;;;;;;;;;;;;;;;;;;;;;;;;;;
5262;10;TORITAMA;81;0;;23/01/2019 16:13;TORITAMA;;;2615409;;;C;;;2607;283200;0;0;;;0;0;N;1;;;;;N;;;;;;;;;;;;;;;;;;;;;;;;;;;;;;;
5263;5;TORIXOREU;66;0;;23/01/2019 16:16;TORIXOREU;;;5108204;;;C;;;9163;72400;0;0;;;0;0;N;1;;;;;N;;;;;;;;;;;;;;;;;;;;;;;;;;;;;;;
5264;15;TOROPI;55;0;;23/01/2019 16:18;TOROPI;;;4321493;;;C;;;1018;183100;0;0;;;0;0;N;1;;;;;N;;;;;;;;;;;;;;;;;;;;;;;;;;;;;;;
5265;1;TORRE DE PEDRA;15;0;;23/01/2019 16:20;TORRE DE PEDRA;;;3554656;;;C;;;3227;81000;0;0;;;0;0;N;1;;;;;N;;;;;;;;;;;;;;;;;;;;;;;;;;;;;;;
5266;15;TORRES;51;0;;23/01/2019 16:21;TORRES;;;4321501;;;C;;;8933;864200;0;0;;;0;0;N;1;;;;;N;;;;;;;;;;;;;;;;;;;;;;;;;;;;;;;
5267;1;TORRINHA;14;0;;23/01/2019 16:24;TORRINHA;;;3554706;;;C;;;7195;651600;0;0;;;0;0;N;1;;;;;N;;;;;;;;;;;;;;;;;;;;;;;;;;;;;;;
5268;26;TOUROS;84;0;;23/01/2019 16:26;TOUROS;;;2414407;;;C;;;1885;227600;0;0;;;0;0;N;1;;;;;N;;;;;;;;;;;;;;;;;;;;;;;;;;;;;;;
5269;1;TRABIJU;16;0;;23/01/2019 16:11;TRABIJU;;;3554755;;;C;;;826;189300;0;0;;;0;0;N;1;;;;;N;;;;;;;;;;;;;;;;;;;;;;;;;;;;;;;
5270;9;TRACUATEUA;91;0;;23/01/2019 16:13;TRACUATEUA;;;1508035;;;C;;;68;110806;0;0;;;0;0;N;1;;;;;N;;;;;;;;;;;;;;;;;;;;;;;;;;;;;;;
5271;10;TRACUNHAEM;81;0;;23/01/2019 16:15;TRACUNHAEM;;;2615508;;;C;;;2609;298000;0;0;;;0;0;N;1;;;;;N;;;;;;;;;;;;;;;;;;;;;;;;;;;;;;;
5272;19;TRAIPU;82;0;;23/01/2019 16:17;TRAIPU;;;2709202;;;C;;;2883;314400;0;0;;;0;0;N;1;;;;;N;;;;;;;;;;;;;;;;;;;;;;;;;;;;;;;
5273;9;TRAIRAO;93;0;;23/01/2019 16:19;TRAIRAO;;;1508050;;;C;;;635;109900;0;0;;;0;0;N;1;;;;;N;;;;;;;;;;;;;;;;;;;;;;;;;;;;;;;
5274;21;TRAIRI;85;0;;23/01/2019 16:21;TRAIRI;;;2313500;;;C;;;1571;160800;0;0;;;0;0;N;1;;;;;N;;;;;;;;;;;;;;;;;;;;;;;;;;;;;;;
5275;7;TRAJANO DE MORAIS;22;0;;23/01/2019 16:23;TRAJANO DE MORAIS;;;3305901;;;C;;;5917;598300;0;0;;;0;0;N;1;;;;;N;;;;;;;;;;;;;;;;;;;;;;;;;;;;;;;
5276;15;TRAMANDAI;51;0;;23/01/2019 16:25;TRAMANDAI;;;4321600;;;C;;;8935;864300;0;0;;;0;0;N;1;;;;;N;;;;;;;;;;;;;;;;;;;;;;;;;;;;;;;
5277;15;TRAVESSEIRO;51;0;;23/01/2019 16:10;TRAVESSEIRO;;;4321626;;;C;;;6037;101100;0;0;;;0;0;N;1;;;;;N;;;;;;;;;;;;;;;;;;;;;;;;;;;;;;;
5278;6;TREMEDAL;77;0;;23/01/2019 16:12;TREMEDAL;;;2931806;;;C;;;3935;353900;0;0;;;0;0;N;1;;;;;N;;;;;;;;;;;;;;;;;;;;;;;;;;;;;;;
5279;1;TREMEMBE;12;0;;23/01/2019 16:15;TREMEMBE;;;3554805;;;C;;;7197;705800;0;0;;;0;0;N;1;;;;;N;;;;;;;;;;;;;;;;;;;;;;;;;;;;;;;
5280;15;TRES ARROIOS;54;0;;23/01/2019 16:17;TRES ARROIOS;;;4321634;;;C;;;7331;905900;0;0;;;0;0;N;1;;;;;N;;;;;;;;;;;;;;;;;;;;;;;;;;;;;;;
5281;13;TRES BARRAS;47;0;;23/01/2019 16:19;TRES BARRAS;;;4218301;;;C;;;8359;847600;0;0;;;0;0;N;1;;;;;N;;;;;;;;;;;;;;;;;;;;;;;;;;;;;;;
5282;8;TRES BARRAS DO PARANA;45;0;;23/01/2019 16:21;TRES BARRAS DO PARANA;;;4127858;;;C;;;7987;758700;0;0;;;0;0;N;1;;;;;N;;;;;;;;;;;;;;;;;;;;;;;;;;;;;;;
5283;15;TRES CACHOEIRAS;51;0;;23/01/2019 16:23;TRES CACHOEIRAS;;;4321667;;;C;;;7329;864600;0;0;;;0;0;N;1;;;;;N;;;;;;;;;;;;;;;;;;;;;;;;;;;;;;;
5284;2;TRES CORACOES;35;0;;23/01/2019 16:25;TRES CORACOES;;;3169307;;;C;;;5385;522600;0;0;;;0;0;N;1;;;;;N;;;;;;;;;;;;;;;;;;;;;;;;;;;;;;;
5285;15;TRES COROAS;51;0;;23/01/2019 16:27;TRES COROAS;;;4321709;;;C;;;8937;854600;0;0;;;0;0;N;1;;;;;N;;;;;;;;;;;;;;;;;;;;;;;;;;;;;;;
5286;15;TRES DE MAIO;55;0;;23/01/2019 16:12;TRES DE MAIO;;;4321808;;;C;;;8939;891300;0;0;;;0;0;N;1;;;;;N;;;;;;;;;;;;;;;;;;;;;;;;;;;;;;;
5287;15;TRES FORQUILHAS;51;0;;23/01/2019 16:14;TRES FORQUILHAS;;;4321832;;;C;;;5777;96500;0;0;;;0;0;N;1;;;;;N;;;;;;;;;;;;;;;;;;;;;;;;;;;;;;;
5288;1;TRES FRONTEIRAS;17;0;;23/01/2019 16:16;TRES FRONTEIRAS;;;3554904;;;C;;;7199;623600;0;0;;;0;0;N;1;;;;;N;;;;;;;;;;;;;;;;;;;;;;;;;;;;;;;
5289;12;TRES LAGOAS;67;0;;23/01/2019 16:18;TRES LAGOAS;;;5008305;;;C;;;9165;48200;0;0;;;0;0;N;1;;;;;N;;;;;;;;;;;;;;;;;;;;;;;;;;;;;;;
5290;2;TRES MARIAS;38;0;;23/01/2019 16:20;TRES MARIAS;;;3169356;;;C;;;4115;451400;0;0;;;0;0;N;1;;;;;N;;;;;;;;;;;;;;;;;;;;;;;;;;;;;;;
5291;15;TRES PALMEIRAS;54;0;;23/01/2019 16:23;TRES PALMEIRAS;;;4321857;;;C;;;7327;898700;0;0;;;0;0;N;1;;;;;N;;;;;;;;;;;;;;;;;;;;;;;;;;;;;;;
5292;15;TRES PASSOS;55;0;;23/01/2019 16:25;TRES PASSOS;;;4321907;;;C;;;8941;891400;0;0;;;0;0;N;1;;;;;N;;;;;;;;;;;;;;;;;;;;;;;;;;;;;;;
5293;2;TRES PONTAS;35;0;;23/01/2019 16:27;TRES PONTAS;;;3169406;;;C;;;5387;507800;0;0;;;0;0;N;1;;;;;N;;;;;;;;;;;;;;;;;;;;;;;;;;;;;;;
5294;4;TRES RANCHOS;64;0;;23/01/2019 16:11;TRES RANCHOS;;;5221304;;;C;;;9623;37800;0;0;;;0;0;N;1;;;;;N;;;;;;;;;;;;;;;;;;;;;;;;;;;;;;;
5295;7;TRES RIOS;24;0;;23/01/2019 16:14;TRES RIOS;;;3306008;;;C;;;5919;605000;0;0;;;0;0;N;1;;;;;N;;;;;;;;;;;;;;;;;;;;;;;;;;;;;;;
5296;13;TREVISO;48;0;;23/01/2019 16:16;TREVISO;;;4218350;;;C;;;948;187500;0;0;;;0;0;N;1;;;;;N;;;;;;;;;;;;;;;;;;;;;;;;;;;;;;;
5297;13;TREZE DE MAIO;48;0;;23/01/2019 16:18;TREZE DE MAIO;;;4218400;;;C;;;8361;822200;0;0;;;0;0;N;1;;;;;N;;;;;;;;;;;;;;;;;;;;;;;;;;;;;;;
5298;13;TREZE TILIAS;49;0;;23/01/2019 16:20;TREZE TILIAS;;;4218509;;;C;;;8363;834400;0;0;;;0;0;N;1;;;;;N;;;;;;;;;;;;;;;;;;;;;;;;;;;;;;;
5299;10;TRINDADE;87;0;;23/01/2019 16:22;TRINDADE;;;2615607;;;C;;;2611;267700;0;0;;;0;0;N;1;;;;;N;;;;;;;;;;;;;;;;;;;;;;;;;;;;;;;
5300;4;TRINDADE;62;0;;23/01/2019 16:24;TRINDADE;;;5221403;;;C;;;9625;28800;0;0;;;0;0;N;1;;;;;N;;;;;;;;;;;;;;;;;;;;;;;;;;;;;;;
5301;15;TRINDADE DO SUL;54;0;;23/01/2019 16:26;TRINDADE DO SUL;;;4321956;;;C;;;7325;52100;0;0;;;0;0;N;1;;;;;N;;;;;;;;;;;;;;;;;;;;;;;;;;;;;;;
5302;17;TRIUNFO;83;0;;23/01/2019 16:33;TRIUNFO;;;2516805;;;C;;;2237;244100;0;0;;;0;0;N;1;;;;;N;;;;;;;;;;;;;;;;;;;;;;;;;;;;;;;
5303;10;TRIUNFO;87;0;;23/01/2019 16:35;TRIUNFO;;;2615706;;;C;;;2613;275700;0;0;;;0;0;N;1;;;;;N;;;;;;;;;;;;;;;;;;;;;;;;;;;;;;;
5304;15;TRIUNFO;51;0;;23/01/2019 16:37;TRIUNFO;;;4322004;;;C;;;8943;867100;0;0;;;0;0;N;1;;;;;N;;;;;;;;;;;;;;;;;;;;;;;;;;;;;;;
5305;26;TRIUNFO POTIGUAR;84;0;;23/01/2019 16:39;TRIUNFO POTIGUAR;;;2414456;;;C;;;436;202500;0;0;;;0;0;N;1;;;;;N;;;;;;;;;;;;;;;;;;;;;;;;;;;;;;;
5306;31;TRIZIDELA DO VALE;99;0;;23/01/2019 16:41;TRIZIDELA DO VALE;;;2112233;;;C;;;258;166200;0;0;;;0;0;N;1;;;;;N;;;;;;;;;;;;;;;;;;;;;;;;;;;;;;;
5307;4;TROMBAS;62;0;;23/01/2019 16:44;TROMBAS;;;5221452;;;C;;;9761;13500;0;0;;;0;0;N;1;;;;;N;;;;;;;;;;;;;;;;;;;;;;;;;;;;;;;
5308;13;TROMBUDO CENTRAL;47;0;;23/01/2019 16:46;TROMBUDO CENTRAL;;;4218608;;;C;;;8365;813200;0;0;;;0;0;N;1;;;;;N;;;;;;;;;;;;;;;;;;;;;;;;;;;;;;;
5309;13;TUBARAO;48;0;;23/01/2019 16:48;TUBARAO;;;4218707;;;C;;;8367;822300;0;0;;;0;0;N;1;;;;;N;;;;;;;;;;;;;;;;;;;;;;;;;;;;;;;
5310;6;TUCANO;75;0;;23/01/2019 16:32;TUCANO;;;2931905;;;C;;;3937;364900;0;0;;;0;0;N;1;;;;;N;;;;;;;;;;;;;;;;;;;;;;;;;;;;;;;
5311;9;TUCUMA;94;0;;23/01/2019 16:35;TUCUMA;;;1508084;;;C;;;397;94100;0;0;;;0;0;N;1;;;;;N;;;;;;;;;;;;;;;;;;;;;;;;;;;;;;;
5312;15;TUCUNDUVA;55;0;;23/01/2019 16:37;TUCUNDUVA;;;4322103;;;C;;;8945;891500;0;0;;;0;0;N;1;;;;;N;;;;;;;;;;;;;;;;;;;;;;;;;;;;;;;
5313;9;TUCURUI;94;0;;23/01/2019 16:39;TUCURUI;;;1508100;;;C;;;561;103000;0;0;;;0;0;N;1;;;;;N;;;;;;;;;;;;;;;;;;;;;;;;;;;;;;;
5314;31;TUFILANDIA;98;0;;23/01/2019 16:41;TUFILANDIA;;;2112274;;;C;;;260;166300;0;0;;;0;0;N;1;;;;;N;;;;;;;;;;;;;;;;;;;;;;;;;;;;;;;
5315;1;TUIUTI;11;0;;23/01/2019 16:43;TUIUTI;;;3554953;;;C;;;2955;75000;0;0;;;0;0;N;1;;;;;N;;;;;;;;;;;;;;;;;;;;;;;;;;;;;;;
5316;2;TUMIRITINGA;33;0;;23/01/2019 16:45;TUMIRITINGA;;;3169505;;;C;;;5389;474500;0;0;;;0;0;N;1;;;;;N;;;;;;;;;;;;;;;;;;;;;;;;;;;;;;;
5317;13;TUNAPOLIS;49;0;;23/01/2019 16:47;TUNAPOLIS;;;4218756;;;C;;;9991;46100;0;0;;;0;0;N;1;;;;;N;;;;;;;;;;;;;;;;;;;;;;;;;;;;;;;
5318;15;TUNAS;51;0;;23/01/2019 16:49;TUNAS;;;4322152;;;C;;;7323;919500;0;0;;;0;0;N;1;;;;;N;;;;;;;;;;;;;;;;;;;;;;;;;;;;;;;
5319;8;TUNAS DO PARANÁ;41;0;;23/01/2019 16:34;TUNAS DO PARANÁ;;;4127882;;;C;;;5455;82600;0;0;;;0;0;N;1;;;;;N;;;;;;;;;;;;;;;;;;;;;;;;;;;;;;;
5320;8;TUNEIRAS DO OESTE;44;0;;23/01/2019 16:36;TUNEIRAS DO OESTE;;;4127908;;;C;;;7931;801900;0;0;;;0;0;N;1;;;;;N;;;;;;;;;;;;;;;;;;;;;;;;;;;;;;;
5321;31;TUNTUM;99;0;;23/01/2019 16:38;TUNTUM;;;2112308;;;C;;;939;127300;0;0;;;0;0;N;1;;;;;N;;;;;;;;;;;;;;;;;;;;;;;;;;;;;;;
5322;1;TUPA;14;0;;23/01/2019 16:40;TUPA;;;3555000;;;C;;;7201;686300;0;0;;;0;0;N;1;;;;;N;;;;;;;;;;;;;;;;;;;;;;;;;;;;;;;
5323;2;TUPACIGUARA;34;0;;23/01/2019 16:43;TUPACIGUARA;;;3169604;;;C;;;5391;453600;0;0;;;0;0;N;1;;;;;N;;;;;;;;;;;;;;;;;;;;;;;;;;;;;;;
5324;10;TUPANATINGA;87;0;;23/01/2019 16:45;TUPANATINGA;;;2615805;;;C;;;2615;280400;0;0;;;0;0;N;1;;;;;N;;;;;;;;;;;;;;;;;;;;;;;;;;;;;;;
5325;15;TUPANCI DO SUL;54;0;;23/01/2019 16:47;TUPANCI DO SUL;;;4322186;;;C;;;5979;133200;0;0;;;0;0;N;1;;;;;N;;;;;;;;;;;;;;;;;;;;;;;;;;;;;;;
5326;15;TUPANCIRETA;55;0;;23/01/2019 16:48;TUPANCIRETA;;;4322202;;;C;;;8947;932500;0;0;;;0;0;N;1;;;;;N;;;;;;;;;;;;;;;;;;;;;;;;;;;;;;;
5327;15;TUPANDI;51;0;;23/01/2019 16:34;TUPANDI;;;4322251;;;C;;;7321;855500;0;0;;;0;0;N;1;;;;;N;;;;;;;;;;;;;;;;;;;;;;;;;;;;;;;
5328;15;TUPARENDI;55;0;;23/01/2019 16:36;TUPARENDI;;;4322301;;;C;;;8949;891600;0;0;;;0;0;N;1;;;;;N;;;;;;;;;;;;;;;;;;;;;;;;;;;;;;;
5329;10;TUPARETAMA;87;0;;23/01/2019 16:38;TUPARETAMA;;;2615904;;;C;;;2617;275800;0;0;;;0;0;N;1;;;;;N;;;;;;;;;;;;;;;;;;;;;;;;;;;;;;;
5330;8;TUPASSI;44;0;;23/01/2019 16:40;TUPASSI;;;4127957;;;C;;;7993;758800;0;0;;;0;0;N;1;;;;;N;;;;;;;;;;;;;;;;;;;;;;;;;;;;;;;
5331;1;TUPI PAULISTA;18;0;;23/01/2019 16:42;TUPI PAULISTA;;;3555109;;;C;;;7203;676200;0;0;;;0;0;N;1;;;;;N;;;;;;;;;;;;;;;;;;;;;;;;;;;;;;;
5332;14;TUPIRAMA;63;0;;23/01/2019 16:44;TUPIRAMA;;;1721257;;;C;;;102;190800;0;0;;;0;0;N;1;;;;;N;;;;;;;;;;;;;;;;;;;;;;;;;;;;;;;
5333;14;TUPIRATINS;63;0;;23/01/2019 16:46;TUPIRATINS;;;1721307;;;C;;;365;65700;0;0;;;0;0;N;1;;;;;N;;;;;;;;;;;;;;;;;;;;;;;;;;;;;;;
5334;31;TURIACU;98;0;;23/01/2019 16:48;TURIACU;;;2112407;;;C;;;941;119400;0;0;;;0;0;N;1;;;;;N;;;;;;;;;;;;;;;;;;;;;;;;;;;;;;;
5335;31;TURILANDIA;98;0;;23/01/2019 16:33;TURILANDIA;;;2112456;;;C;;;262;166400;0;0;;;0;0;N;1;;;;;N;;;;;;;;;;;;;;;;;;;;;;;;;;;;;;;
5336;1;TURIUBA;18;0;;23/01/2019 16:35;TURIUBA;;;3555208;;;C;;;7205;679200;0;0;;;0;0;N;1;;;;;N;;;;;;;;;;;;;;;;;;;;;;;;;;;;;;;
5337;2;TURMALINA;38;0;;23/01/2019 16:37;TURMALINA;;;3169703;;;C;;;5393;435500;0;0;;;0;0;N;1;;;;;N;;;;;;;;;;;;;;;;;;;;;;;;;;;;;;;
5338;1;TURMALINA;17;0;;23/01/2019 16:39;TURMALINA;;;3555307;;;C;;;7207;623700;0;0;;;0;0;N;1;;;;;N;;;;;;;;;;;;;;;;;;;;;;;;;;;;;;;
5339;15;TURUCU;53;0;;23/01/2019 16:42;TURUCU;;;4322327;;;C;;;1020;206800;0;0;;;0;0;N;1;;;;;N;;;;;;;;;;;;;;;;;;;;;;;;;;;;;;;
5340;21;TURURU;85;0;;23/01/2019 16:43;TURURU;;;2313559;;;C;;;1279;161400;0;0;;;0;0;N;1;;;;;N;;;;;;;;;;;;;;;;;;;;;;;;;;;;;;;
5341;4;TURVANIA;64;0;;23/01/2019 16:45;TURVANIA;;;5221502;;;C;;;9631;28900;0;0;;;0;0;N;1;;;;;N;;;;;;;;;;;;;;;;;;;;;;;;;;;;;;;
5342;4;TURVELANDIA;64;0;;23/01/2019 16:47;TURVELANDIA;;;5221551;;;C;;;9765;33100;0;0;;;0;0;N;1;;;;;N;;;;;;;;;;;;;;;;;;;;;;;;;;;;;;;
5343;8;TURVO;42;0;;23/01/2019 16:33;TURVO;;;4127965;;;C;;;8453;773900;0;0;;;0;0;N;1;;;;;N;;;;;;;;;;;;;;;;;;;;;;;;;;;;;;;
5344;13;TURVO;48;0;;23/01/2019 16:35;TURVO;;;4218806;;;C;;;8369;826000;0;0;;;0;0;N;1;;;;;N;;;;;;;;;;;;;;;;;;;;;;;;;;;;;;;
5345;2;TURVOLANDIA;35;0;;23/01/2019 16:37;TURVOLANDIA;;;3169802;;;C;;;5395;522700;0;0;;;0;0;N;1;;;;;N;;;;;;;;;;;;;;;;;;;;;;;;;;;;;;;
5346;31;TUTOIA;98;0;;23/01/2019 16:39;TUTOIA;;;2112506;;;C;;;943;130800;0;0;;;0;0;N;1;;;;;N;;;;;;;;;;;;;;;;;;;;;;;;;;;;;;;
5347;18;UARINI;97;0;;23/01/2019 16:41;UARINI;;;1304260;;;C;;;9849;85800;0;0;;;0;0;N;1;;;;;N;;;;;;;;;;;;;;;;;;;;;;;;;;;;;;;
5348;6;UAUA;74;0;;23/01/2019 16:43;UAUA;;;2932002;;;C;;;3939;365000;0;0;;;0;0;N;1;;;;;N;;;;;;;;;;;;;;;;;;;;;;;;;;;;;;;
5349;2;UBA;32;0;;23/01/2019 16:45;UBA;;;3169901;;;C;;;5397;494200;0;0;;;0;0;N;1;;;;;N;;;;;;;;;;;;;;;;;;;;;;;;;;;;;;;
5350;2;UBAI;38;0;;23/01/2019 16:47;UBAI;;;3170008;;;C;;;5399;423300;0;0;;;0;0;N;1;;;;;N;;;;;;;;;;;;;;;;;;;;;;;;;;;;;;;
5351;6;UBAIRA;75;0;;23/01/2019 16:49;UBAIRA;;;2932101;;;C;;;3941;374300;0;0;;;0;0;N;1;;;;;N;;;;;;;;;;;;;;;;;;;;;;;;;;;;;;;
5352;6;UBAITABA;73;0;;23/01/2019 16:34;UBAITABA;;;2932200;;;C;;;3943;404200;0;0;;;0;0;N;1;;;;;N;;;;;;;;;;;;;;;;;;;;;;;;;;;;;;;
5353;21;UBAJARA;88;0;;23/01/2019 16:36;UBAJARA;;;2313609;;;C;;;1573;165600;0;0;;;0;0;N;1;;;;;N;;;;;;;;;;;;;;;;;;;;;;;;;;;;;;;
5354;2;UBAPORANGA;33;0;;23/01/2019 16:38;UBAPORANGA;;;3170057;;;C;;;2671;70400;0;0;;;0;0;N;1;;;;;N;;;;;;;;;;;;;;;;;;;;;;;;;;;;;;;
5355;1;UBARANA;17;0;;23/01/2019 16:41;UBARANA;;;3555356;;;C;;;2971;77200;0;0;;;0;0;N;1;;;;;N;;;;;;;;;;;;;;;;;;;;;;;;;;;;;;;
5356;6;UBATA;73;0;;23/01/2019 16:42;UBATA;;;2932309;;;C;;;3945;404300;0;0;;;0;0;N;1;;;;;N;;;;;;;;;;;;;;;;;;;;;;;;;;;;;;;
5357;1;UBATUBA;12;0;;23/01/2019 16:44;UBATUBA;;;3555406;;;C;;;7209;724100;0;0;;;0;0;N;1;;;;;N;;;;;;;;;;;;;;;;;;;;;;;;;;;;;;;
5358;2;UBERABA;34;0;;23/01/2019 16:46;UBERABA;;;3170107;;;C;;;5401;457800;0;0;;;0;0;N;1;;;;;N;;;;;;;;;;;;;;;;;;;;;;;;;;;;;;;
5359;1;UBIRAJARA;14;0;;23/01/2019 16:49;UBIRAJARA;;;3555505;;;C;;;7211;686400;0;0;;;0;0;N;1;;;;;N;;;;;;;;;;;;;;;;;;;;;;;;;;;;;;;
5360;8;UBIRATA;44;0;;23/01/2019 16:34;UBIRATA;;;4128005;;;C;;;7933;751300;0;0;;;0;0;N;1;;;;;N;;;;;;;;;;;;;;;;;;;;;;;;;;;;;;;
5361;15;UBIRETAMA;55;0;;23/01/2019 16:36;UBIRETAMA;;;4322343;;;C;;;1022;183200;0;0;;;0;0;N;1;;;;;N;;;;;;;;;;;;;;;;;;;;;;;;;;;;;;;
5362;1;UCHOA;17;0;;23/01/2019 16:38;UCHOA;;;3555604;;;C;;;7213;633200;0;0;;;0;0;N;1;;;;;N;;;;;;;;;;;;;;;;;;;;;;;;;;;;;;;
5363;6;UIBAI;74;0;;23/01/2019 16:40;UIBAI;;;2932408;;;C;;;3947;342200;0;0;;;0;0;N;1;;;;;N;;;;;;;;;;;;;;;;;;;;;;;;;;;;;;;
5364;24;UIRAMUTA;95;0;;23/01/2019 16:42;UIRAMUTA;;;1400704;;;C;;;38;214200;0;0;;;0;0;N;1;;;;;N;;;;;;;;;;;;;;;;;;;;;;;;;;;;;;;
5365;4;UIRAPURU;62;0;;23/01/2019 16:44;UIRAPURU;;;5221577;;;C;;;59;52700;0;0;;;0;0;N;1;;;;;N;;;;;;;;;;;;;;;;;;;;;;;;;;;;;;;
5366;17;UIRAUNA;83;0;;23/01/2019 16:46;UIRAUNA;;;2516904;;;C;;;2239;244200;0;0;;;0;0;N;1;;;;;N;;;;;;;;;;;;;;;;;;;;;;;;;;;;;;;
5367;9;ULIANOPOLIS;91;0;;23/01/2019 16:48;ULIANOPOLIS;;;1508126;;;C;;;623;110000;0;0;;;0;0;N;1;;;;;N;;;;;;;;;;;;;;;;;;;;;;;;;;;;;;;
5368;21;UMARI;88;0;;23/01/2019 16:33;UMARI;;;2313708;;;C;;;1575;206400;0;0;;;0;0;N;1;;;;;N;;;;;;;;;;;;;;;;;;;;;;;;;;;;;;;
5369;26;UMARIZAL;84;0;;23/01/2019 16:35;UMARIZAL;;;2414506;;;C;;;1887;223600;0;0;;;0;0;N;1;;;;;N;;;;;;;;;;;;;;;;;;;;;;;;;;;;;;;
5370;22;UMBAUBA;79;0;;23/01/2019 16:37;UMBAUBA;;;2807600;;;C;;;3251;332100;0;0;;;0;0;N;1;;;;;N;;;;;;;;;;;;;;;;;;;;;;;;;;;;;;;
5371;6;UMBURANAS;74;0;;23/01/2019 16:39;UMBURANAS;;;2932457;;;C;;;3047;31200;0;0;;;0;0;N;1;;;;;N;;;;;;;;;;;;;;;;;;;;;;;;;;;;;;;
5372;2;UMBURATIBA;33;0;;23/01/2019 16:41;UMBURATIBA;;;3170305;;;C;;;5405;441700;0;0;;;0;0;N;1;;;;;N;;;;;;;;;;;;;;;;;;;;;;;;;;;;;;;
5373;17;UMBUZEIRO;83;0;;23/01/2019 16:43;UMBUZEIRO;;;2517001;;;C;;;2241;252400;0;0;;;0;0;N;1;;;;;N;;;;;;;;;;;;;;;;;;;;;;;;;;;;;;;
5374;21;UMIRIM;85;0;;23/01/2019 16:45;UMIRIM;;;2313757;;;C;;;9855;161500;0;0;;;0;0;N;1;;;;;N;;;;;;;;;;;;;;;;;;;;;;;;;;;;;;;
5375;8;UMUARAMA;44;0;;23/01/2019 16:48;UMUARAMA;;;4128104;;;C;;;7935;802000;0;0;;;0;0;N;1;;;;;N;;;;;;;;;;;;;;;;;;;;;;;;;;;;;;;
5376;6;UNA;73;0;;23/01/2019 16:32;UNA;;;2932507;;;C;;;3949;404400;0;0;;;0;0;N;1;;;;;N;;;;;;;;;;;;;;;;;;;;;;;;;;;;;;;
5377;2;UNAI;38;0;;23/01/2019 16:35;UNAI;;;3170404;;;C;;;5407;417100;0;0;;;0;0;N;1;;;;;N;;;;;;;;;;;;;;;;;;;;;;;;;;;;;;;
5378;23;UNIAO;86;0;;23/01/2019 16:37;UNIAO;;;2211100;;;C;;;1221;149300;0;0;;;0;0;N;1;;;;;N;;;;;;;;;;;;;;;;;;;;;;;;;;;;;;;
5379;15;UNIAO DA SERRA;54;0;;23/01/2019 16:39;UNIAO DA SERRA;;;4322350;;;C;;;5999;133300;0;0;;;0;0;N;1;;;;;N;;;;;;;;;;;;;;;;;;;;;;;;;;;;;;;
5380;8;UNIAO DA VITORIA;42;0;;23/01/2019 16:41;UNIAO DA VITORIA;;;4128203;;;C;;;7937;745900;0;0;;;0;0;N;1;;;;;N;;;;;;;;;;;;;;;;;;;;;;;;;;;;;;;
5381;2;UNIAO DE MINAS;34;0;;23/01/2019 16:43;UNIAO DE MINAS;;;3170438;;;C;;;742;171300;0;0;;;0;0;N;1;;;;;N;;;;;;;;;;;;;;;;;;;;;;;;;;;;;;;
5382;13;UNIAO DO OESTE;49;0;;23/01/2019 16:45;UNIAO DO OESTE;;;4218855;;;C;;;9973;45400;0;0;;;0;0;N;1;;;;;N;;;;;;;;;;;;;;;;;;;;;;;;;;;;;;;
5383;5;UNIAO DO SUL;66;0;;23/01/2019 16:47;UNIAO DO SUL;;;5108303;;;C;;;1048;166800;0;0;;;0;0;N;1;;;;;N;;;;;;;;;;;;;;;;;;;;;;;;;;;;;;;
5384;19;UNIAO DOS PALMARES;82;0;;23/01/2019 16:49;UNIAO DOS PALMARES;;;2709301;;;C;;;2885;317300;0;0;;;0;0;N;1;;;;;N;;;;;;;;;;;;;;;;;;;;;;;;;;;;;;;
5385;1;UNIAO PAULISTA;17;0;;23/01/2019 16:34;UNIAO PAULISTA;;;3555703;;;C;;;7215;630400;0;0;;;0;0;N;1;;;;;N;;;;;;;;;;;;;;;;;;;;;;;;;;;;;;;
5386;8;UNIFLOR;44;0;;23/01/2019 16:36;UNIFLOR;;;4128302;;;C;;;7939;789000;0;0;;;0;0;N;1;;;;;N;;;;;;;;;;;;;;;;;;;;;;;;;;;;;;;
5387;15;UNISTALDA;55;0;;23/01/2019 16:38;UNISTALDA;;;4322376;;;C;;;1024;183300;0;0;;;0;0;N;1;;;;;N;;;;;;;;;;;;;;;;;;;;;;;;;;;;;;;
5388;26;UPANEMA;84;0;;23/01/2019 16:40;UPANEMA;;;2414605;;;C;;;1889;219900;0;0;;;0;0;N;1;;;;;N;;;;;;;;;;;;;;;;;;;;;;;;;;;;;;;
5389;8;URAI;43;0;;23/01/2019 16:42;URAI;;;4128401;;;C;;;7941;781000;0;0;;;0;0;N;1;;;;;N;;;;;;;;;;;;;;;;;;;;;;;;;;;;;;;
5390;6;URANDI;77;0;;23/01/2019 16:44;URANDI;;;2932606;;;C;;;3951;354000;0;0;;;0;0;N;1;;;;;N;;;;;;;;;;;;;;;;;;;;;;;;;;;;;;;
5391;1;URANIA;17;0;;23/01/2019 16:47;URANIA;;;3555802;;;C;;;7217;623800;0;0;;;0;0;N;1;;;;;N;;;;;;;;;;;;;;;;;;;;;;;;;;;;;;;
5392;31;URBANO SANTOS;98;0;;23/01/2019 16:49;URBANO SANTOS;;;2112605;;;C;;;945;136000;0;0;;;0;0;N;1;;;;;N;;;;;;;;;;;;;;;;;;;;;;;;;;;;;;;
5393;1;URU;14;0;;23/01/2019 16:33;URU;;;3555901;;;C;;;7219;682600;0;0;;;0;0;N;1;;;;;N;;;;;;;;;;;;;;;;;;;;;;;;;;;;;;;
5394;4;URUACU;62;0;;23/01/2019 16:36;URUACU;;;5221601;;;C;;;9633;13100;0;0;;;0;0;N;1;;;;;N;;;;;;;;;;;;;;;;;;;;;;;;;;;;;;;
5395;4;URUANA;62;0;;23/01/2019 16:38;URUANA;;;5221700;;;C;;;9635;29000;0;0;;;0;0;N;1;;;;;N;;;;;;;;;;;;;;;;;;;;;;;;;;;;;;;
5396;2;URUANA DE MINAS;38;0;;23/01/2019 16:40;URUANA DE MINAS;;;3170479;;;C;;;744;171400;0;0;;;0;0;N;1;;;;;N;;;;;;;;;;;;;;;;;;;;;;;;;;;;;;;
5397;9;URUARA;93;0;;23/01/2019 16:42;URUARA;;;1508159;;;C;;;399;8300;0;0;;;0;0;N;1;;;;;N;;;;;;;;;;;;;;;;;;;;;;;;;;;;;;;
5398;13;URUBICI;49;0;;23/01/2019 16:44;URUBICI;;;4218905;;;C;;;8371;827400;0;0;;;0;0;N;1;;;;;N;;;;;;;;;;;;;;;;;;;;;;;;;;;;;;;
5399;21;URUBURETAMA;85;0;;23/01/2019 16:46;URUBURETAMA;;;2313807;;;C;;;1577;160900;0;0;;;0;0;N;1;;;;;N;;;;;;;;;;;;;;;;;;;;;;;;;;;;;;;
5400;2;URUCANIA;31;0;;23/01/2019 16:48;URUCANIA;;;3170503;;;C;;;5409;480000;0;0;;;0;0;N;1;;;;;N;;;;;;;;;;;;;;;;;;;;;;;;;;;;;;;
5401;18;URUCARA;92;0;;23/01/2019 16:33;URUCARA;;;1304302;;;C;;;285;87900;0;0;;;0;0;N;1;;;;;N;;;;;;;;;;;;;;;;;;;;;;;;;;;;;;;
5402;6;URUCUCA;73;0;;23/01/2019 16:57;URUCUCA;;;2932705;;;C;;;3953;404500;0;0;;;0;0;N;1;;;;;N;;;;;;;;;;;;;;;;;;;;;;;;;;;;;;;
5403;23;URUCUI;89;0;;23/01/2019 16:59;URUCUI;;;2211209;;;C;;;1223;151800;0;0;;;0;0;N;1;;;;;N;;;;;;;;;;;;;;;;;;;;;;;;;;;;;;;
5404;2;URUCUIA;38;0;;23/01/2019 17:01;URUCUIA;;;3170529;;;C;;;2699;71500;0;0;;;0;0;N;1;;;;;N;;;;;;;;;;;;;;;;;;;;;;;;;;;;;;;
5405;18;URUCURITUBA;92;0;;23/01/2019 17:03;URUCURITUBA;;;1304401;;;C;;;287;88000;0;0;;;0;0;N;1;;;;;N;;;;;;;;;;;;;;;;;;;;;;;;;;;;;;;
5406;15;URUGUAIANA;55;0;;23/01/2019 17:05;URUGUAIANA;;;4322400;;;C;;;8951;928700;0;0;;;0;0;N;1;;;;;N;;;;;;;;;;;;;;;;;;;;;;;;;;;;;;;
5407;21;URUOCA;88;0;;23/01/2019 17:07;URUOCA;;;2313906;;;C;;;1579;158800;0;0;;;0;0;N;1;;;;;N;;;;;;;;;;;;;;;;;;;;;;;;;;;;;;;
5408;11;URUPA;69;0;;23/01/2019 17:09;URUPA;;;1101708;;;C;;;977;107000;0;0;;;0;0;N;1;;;;;N;;;;;;;;;;;;;;;;;;;;;;;;;;;;;;;
5409;13;URUPEMA;49;0;;23/01/2019 17:11;URUPEMA;;;4218954;;;C;;;9975;827500;0;0;;;0;0;N;1;;;;;N;;;;;;;;;;;;;;;;;;;;;;;;;;;;;;;
5410;1;URUPES;17;0;;23/01/2019 16:56;URUPES;;;3556008;;;C;;;7221;636100;0;0;;;0;0;N;1;;;;;N;;;;;;;;;;;;;;;;;;;;;;;;;;;;;;;
5411;13;URUSSANGA;48;0;;23/01/2019 16:59;URUSSANGA;;;4219002;;;C;;;8373;822400;0;0;;;0;0;N;1;;;;;N;;;;;;;;;;;;;;;;;;;;;;;;;;;;;;;
5412;4;URUTAI;64;0;;23/01/2019 17:01;URUTAI;;;5221809;;;C;;;9637;37900;0;0;;;0;0;N;1;;;;;N;;;;;;;;;;;;;;;;;;;;;;;;;;;;;;;
5413;6;UTINGA;75;0;;23/01/2019 17:03;UTINGA;;;2932804;;;C;;;3955;347500;0;0;;;0;0;N;1;;;;;N;;;;;;;;;;;;;;;;;;;;;;;;;;;;;;;
5414;15;VACARIA;54;0;;23/01/2019 17:04;VACARIA;;;4322509;;;C;;;8953;921400;0;0;;;0;0;N;1;;;;;N;;;;;;;;;;;;;;;;;;;;;;;;;;;;;;;
5415;5;VALE DE SAO DOMINGOS;65;0;;23/01/2019 17:07;VALE DE SAO DOMINGOS;;;5108352;;;C;;;1102;230600;0;0;;;0;0;N;1;;;;;N;;;;;;;;;;;;;;;;;;;;;;;;;;;;;;;
5416;11;VALE DO ANARI;69;0;;23/01/2019 17:09;VALE DO ANARI;;;1101757;;;C;;;24;204000;0;0;;;0;0;N;1;;;;;N;;;;;;;;;;;;;;;;;;;;;;;;;;;;;;;
5417;11;VALE DO PARAISO;69;0;;23/01/2019 17:11;VALE DO PARAISO;;;1101807;;;C;;;979;107100;0;0;;;0;0;N;1;;;;;N;;;;;;;;;;;;;;;;;;;;;;;;;;;;;;;
5418;15;VALE DO SOL;51;0;;23/01/2019 16:55;VALE DO SOL;;;4322533;;;C;;;5769;134600;0;0;;;0;0;N;1;;;;;N;;;;;;;;;;;;;;;;;;;;;;;;;;;;;;;
5419;15;VALE REAL;51;0;;23/01/2019 16:58;VALE REAL;;;4322541;;;C;;;6049;134700;0;0;;;0;0;N;1;;;;;N;;;;;;;;;;;;;;;;;;;;;;;;;;;;;;;
5420;15;VALE VERDE;51;0;;23/01/2019 17:00;VALE VERDE;;;4322525;;;C;;;1026;214600;0;0;;;0;0;N;1;;;;;N;;;;;;;;;;;;;;;;;;;;;;;;;;;;;;;
5421;6;VALENCA;75;0;;23/01/2019 17:02;VALENCA;;;2932903;;;C;;;3957;398000;0;0;;;0;0;N;1;;;;;N;;;;;;;;;;;;;;;;;;;;;;;;;;;;;;;
5422;7;VALENCA;24;0;;23/01/2019 17:04;VALENCA;;;3306107;;;C;;;5921;610600;0;0;;;0;0;N;1;;;;;N;;;;;;;;;;;;;;;;;;;;;;;;;;;;;;;
5423;23;VALENCA DO PIAUI;89;0;;23/01/2019 17:06;VALENCA DO PIAUI;;;2211308;;;C;;;1225;146000;0;0;;;0;0;N;1;;;;;N;;;;;;;;;;;;;;;;;;;;;;;;;;;;;;;
5424;6;VALENTE;75;0;;23/01/2019 17:08;VALENTE;;;2933000;;;C;;;3959;367000;0;0;;;0;0;N;1;;;;;N;;;;;;;;;;;;;;;;;;;;;;;;;;;;;;;
5425;1;VALENTIM GENTIL;17;0;;23/01/2019 17:10;VALENTIM GENTIL;;;3556107;;;C;;;7223;626000;0;0;;;0;0;N;1;;;;;N;;;;;;;;;;;;;;;;;;;;;;;;;;;;;;;
5426;1;VALINHOS;19;0;;23/01/2019 16:55;VALINHOS;;;3556206;;;C;;;7225;654000;0;0;;;0;0;N;1;;;;;N;;;;;;;;;;;;;;;;;;;;;;;;;;;;;;;
5427;1;VALPARAISO;18;0;;23/01/2019 16:58;VALPARAISO;;;3556305;;;C;;;7227;672900;0;0;;;0;0;N;1;;;;;N;;;;;;;;;;;;;;;;;;;;;;;;;;;;;;;
5428;4;VALPARAISO DE GOIAS;61;0;;23/01/2019 17:00;VALPARAISO DE GOIAS;;;5221858;;;C;;;1066;148400;0;0;;;0;0;N;1;;;;;N;;;;;;;;;;;;;;;;;;;;;;;;;;;;;;;
5429;15;VANINI;54;0;;23/01/2019 17:01;VANINI;;;4322558;;;C;;;7319;884400;0;0;;;0;0;N;1;;;;;N;;;;;;;;;;;;;;;;;;;;;;;;;;;;;;;
5430;13;VARGEAO;49;0;;23/01/2019 17:03;VARGEAO;;;4219101;;;C;;;8375;841000;0;0;;;0;0;N;1;;;;;N;;;;;;;;;;;;;;;;;;;;;;;;;;;;;;;
5431;1;VARGEM;11;0;;23/01/2019 17:06;VARGEM;;;3556354;;;C;;;2957;76700;0;0;;;0;0;N;1;;;;;N;;;;;;;;;;;;;;;;;;;;;;;;;;;;;;;
5432;13;VARGEM;49;0;;23/01/2019 17:08;VARGEM;;;4219150;;;C;;;5563;91000;0;0;;;0;0;N;1;;;;;N;;;;;;;;;;;;;;;;;;;;;;;;;;;;;;;
5433;2;VARGEM ALEGRE;33;0;;23/01/2019 17:10;VARGEM ALEGRE;;;3170578;;;C;;;746;469511;0;0;;;0;0;N;1;;;;;N;;;;;;;;;;;;;;;;;;;;;;;;;;;;;;;
5434;16;VARGEM ALTA;28;0;;23/01/2019 16:54;VARGEM ALTA;;;3205036;;;C;;;5727;581000;0;0;;;0;0;N;1;;;;;N;;;;;;;;;;;;;;;;;;;;;;;;;;;;;;;
5435;2;VARGEM BONITA;37;0;;23/01/2019 16:57;VARGEM BONITA;;;3170602;;;C;;;5411;503600;0;0;;;0;0;N;1;;;;;N;;;;;;;;;;;;;;;;;;;;;;;;;;;;;;;
5436;13;VARGEM BONITA;49;0;;23/01/2019 16:59;VARGEM BONITA;;;4219176;;;C;;;5565;91100;0;0;;;0;0;N;1;;;;;N;;;;;;;;;;;;;;;;;;;;;;;;;;;;;;;
5437;31;VARGEM GRANDE;98;0;;23/01/2019 17:01;VARGEM GRANDE;;;2112704;;;C;;;947;136100;0;0;;;0;0;N;1;;;;;N;;;;;;;;;;;;;;;;;;;;;;;;;;;;;;;
5438;2;VARGEM GRANDE DO RIO PARDO;38;0;;23/01/2019 17:03;VARGEM GRANDE DO RIO PARDO;;;3170651;;;C;;;748;171500;0;0;;;0;0;N;1;;;;;N;;;;;;;;;;;;;;;;;;;;;;;;;;;;;;;
5439;1;VARGEM GRANDE DO SUL;19;0;;23/01/2019 17:05;VARGEM GRANDE DO SUL;;;3556404;;;C;;;7231;667700;0;0;;;0;0;N;1;;;;;N;;;;;;;;;;;;;;;;;;;;;;;;;;;;;;;
5440;1;VARGEM GRANDE PAULISTA;11;0;;23/01/2019 17:07;VARGEM GRANDE PAULISTA;;;3556453;;;C;;;7273;714700;0;0;;;0;0;N;1;;;;;N;;;;;;;;;;;;;;;;;;;;;;;;;;;;;;;
5441;2;VARGINHA;35;0;;23/01/2019 17:09;VARGINHA;;;3170701;;;C;;;5413;507900;0;0;;;0;0;N;1;;;;;N;;;;;;;;;;;;;;;;;;;;;;;;;;;;;;;
5442;4;VARJAO;62;0;;23/01/2019 17:11;VARJAO;;;5221908;;;C;;;9639;35300;0;0;;;0;0;N;1;;;;;N;;;;;;;;;;;;;;;;;;;;;;;;;;;;;;;
5443;2;VARJAO DE MINAS;38;0;;23/01/2019 16:56;VARJAO DE MINAS;;;3170750;;;C;;;750;171600;0;0;;;0;0;N;1;;;;;N;;;;;;;;;;;;;;;;;;;;;;;;;;;;;;;
5444;21;VARJOTA;88;0;;23/01/2019 16:58;VARJOTA;;;2313955;;;C;;;9857;169400;0;0;;;0;0;N;1;;;;;N;;;;;;;;;;;;;;;;;;;;;;;;;;;;;;;
5445;7;VARRE-SAI;22;0;;23/01/2019 17:00;VARRE-SAI;;;3306156;;;C;;;2917;73500;0;0;;;0;0;N;1;;;;;N;;;;;;;;;;;;;;;;;;;;;;;;;;;;;;;
5446;26;VARZEA;84;0;;23/01/2019 17:02;VARZEA;;;2414704;;;C;;;1891;235100;0;0;;;0;0;N;1;;;;;N;;;;;;;;;;;;;;;;;;;;;;;;;;;;;;;
5447;17;VARZEA;83;0;;23/01/2019 17:05;VARZEA;;;2517100;;;C;;;2243;249000;0;0;;;0;0;N;1;;;;;N;;;;;;;;;;;;;;;;;;;;;;;;;;;;;;;
5448;21;VARZEA ALEGRE;88;0;;23/01/2019 17:07;VARZEA ALEGRE;;;2314003;;;C;;;1581;208600;0;0;;;0;0;N;1;;;;;N;;;;;;;;;;;;;;;;;;;;;;;;;;;;;;;
5449;23;VARZEA BRANCA;89;0;;23/01/2019 17:09;VARZEA BRANCA;;;2211357;;;C;;;2267;114800;0;0;;;0;0;N;1;;;;;N;;;;;;;;;;;;;;;;;;;;;;;;;;;;;;;
5450;2;VARZEA DA PALMA;38;0;;23/01/2019 17:11;VARZEA DA PALMA;;;3170800;;;C;;;5415;444000;0;0;;;0;0;N;1;;;;;N;;;;;;;;;;;;;;;;;;;;;;;;;;;;;;;
5451;6;VARZEA DA ROCA;74;0;;23/01/2019 16:56;VARZEA DA ROCA;;;2933059;;;C;;;3997;362400;0;0;;;0;0;N;1;;;;;N;;;;;;;;;;;;;;;;;;;;;;;;;;;;;;;
5452;6;VARZEA DO POCO;74;0;;23/01/2019 16:58;VARZEA DO POCO;;;2933109;;;C;;;3961;362300;0;0;;;0;0;N;1;;;;;N;;;;;;;;;;;;;;;;;;;;;;;;;;;;;;;
5453;23;VARZEA GRANDE;89;0;;23/01/2019 17:00;VARZEA GRANDE;;;2211407;;;C;;;1227;146100;0;0;;;0;0;N;1;;;;;N;;;;;;;;;;;;;;;;;;;;;;;;;;;;;;;
5454;5;VARZEA GRANDE;65;0;;23/01/2019 17:02;VARZEA GRANDE;;;5108402;;;C;;;9167;66600;0;0;;;0;0;N;1;;;;;N;;;;;;;;;;;;;;;;;;;;;;;;;;;;;;;
5455;6;VARZEA NOVA;74;0;;23/01/2019 17:04;VARZEA NOVA;;;2933158;;;C;;;3995;361309;0;0;;;0;0;N;1;;;;;N;;;;;;;;;;;;;;;;;;;;;;;;;;;;;;;
5456;1;VARZEA PAULISTA;11;0;;23/01/2019 17:06;VARZEA PAULISTA;;;3556503;;;C;;;7233;662100;0;0;;;0;0;N;1;;;;;N;;;;;;;;;;;;;;;;;;;;;;;;;;;;;;;
5457;6;VARZEDO;75;0;;23/01/2019 17:08;VARZEDO;;;2933174;;;C;;;3049;31800;0;0;;;0;0;N;1;;;;;N;;;;;;;;;;;;;;;;;;;;;;;;;;;;;;;
5458;2;VARZELANDIA;38;0;;23/01/2019 17:10;VARZELANDIA;;;3170909;;;C;;;5417;423400;0;0;;;0;0;N;1;;;;;N;;;;;;;;;;;;;;;;;;;;;;;;;;;;;;;
5459;7;VASSOURAS;24;0;;23/01/2019 16:55;VASSOURAS;;;3306206;;;C;;;5923;607000;0;0;;;0;0;N;1;;;;;N;;;;;;;;;;;;;;;;;;;;;;;;;;;;;;;
5460;2;VAZANTE;34;0;;23/01/2019 16:57;VAZANTE;;;3171006;;;C;;;5419;417200;0;0;;;0;0;N;1;;;;;N;;;;;;;;;;;;;;;;;;;;;;;;;;;;;;;
5461;15;VENANCIO AIRES;51;0;;23/01/2019 16:59;VENANCIO AIRES;;;4322608;;;C;;;8955;860800;0;0;;;0;0;N;1;;;;;N;;;;;;;;;;;;;;;;;;;;;;;;;;;;;;;
5462;16;VENDA NOVA DO IMIGRANTE;28;0;;23/01/2019 17:01;VENDA NOVA DO IMIGRANTE;;;3205069;;;C;;;5729;43000;0;0;;;0;0;N;1;;;;;N;;;;;;;;;;;;;;;;;;;;;;;;;;;;;;;
5463;26;VENHA-VER;84;0;;23/01/2019 17:04;VENHA-VER;;;2414753;;;C;;;438;202600;0;0;;;0;0;N;1;;;;;N;;;;;;;;;;;;;;;;;;;;;;;;;;;;;;;
5464;8;VENTANIA;42;0;;23/01/2019 17:06;VENTANIA;;;4128534;;;C;;;5497;83800;0;0;;;0;0;N;1;;;;;N;;;;;;;;;;;;;;;;;;;;;;;;;;;;;;;
5465;10;VENTUROSA;87;0;;23/01/2019 17:08;VENTUROSA;;;2616001;;;C;;;2619;280500;0;0;;;0;0;N;1;;;;;N;;;;;;;;;;;;;;;;;;;;;;;;;;;;;;;
5466;5;VERA;66;0;;23/01/2019 17:10;VERA;;;5108501;;;C;;;9905;60601;0;0;;;0;0;N;1;;;;;N;;;;;;;;;;;;;;;;;;;;;;;;;;;;;;;
5467;26;VERA CRUZ;84;0;;23/01/2019 16:55;VERA CRUZ;;;2414803;;;C;;;1895;235200;0;0;;;0;0;N;1;;;;;N;;;;;;;;;;;;;;;;;;;;;;;;;;;;;;;
5468;6;VERA CRUZ;71;0;;23/01/2019 16:57;VERA CRUZ;;;2933208;;;C;;;3963;388500;0;0;;;0;0;N;1;;;;;N;;;;;;;;;;;;;;;;;;;;;;;;;;;;;;;
5469;1;VERA CRUZ;14;0;;23/01/2019 16:59;VERA CRUZ;;;3556602;;;C;;;7235;686500;0;0;;;0;0;N;1;;;;;N;;;;;;;;;;;;;;;;;;;;;;;;;;;;;;;
5470;15;VERA CRUZ;51;0;;23/01/2019 17:01;VERA CRUZ;;;4322707;;;C;;;8957;860900;0;0;;;0;0;N;1;;;;;N;;;;;;;;;;;;;;;;;;;;;;;;;;;;;;;
5471;8;VERA CRUZ DO OESTE;45;0;;23/01/2019 17:03;VERA CRUZ DO OESTE;;;4128559;;;C;;;7989;758900;0;0;;;0;0;N;1;;;;;N;;;;;;;;;;;;;;;;;;;;;;;;;;;;;;;
5472;23;VERA MENDES;89;0;;23/01/2019 17:05;VERA MENDES;;;2211506;;;C;;;406;199300;0;0;;;0;0;N;1;;;;;N;;;;;;;;;;;;;;;;;;;;;;;;;;;;;;;
5473;15;VERANOPOLIS;54;0;;23/01/2019 17:07;VERANOPOLIS;;;4322806;;;C;;;8959;879400;0;0;;;0;0;N;1;;;;;N;;;;;;;;;;;;;;;;;;;;;;;;;;;;;;;
5474;10;VERDEJANTE;87;0;;23/01/2019 17:09;VERDEJANTE;;;2616100;;;C;;;2621;270400;0;0;;;0;0;N;1;;;;;N;;;;;;;;;;;;;;;;;;;;;;;;;;;;;;;
5475;2;VERDELANDIA;38;0;;23/01/2019 17:11;VERDELANDIA;;;3171030;;;C;;;752;423404;0;0;;;0;0;N;1;;;;;N;;;;;;;;;;;;;;;;;;;;;;;;;;;;;;;
5476;8;VERE;46;0;;23/01/2019 16:56;VERE;;;4128609;;;C;;;7945;767200;0;0;;;0;0;N;1;;;;;N;;;;;;;;;;;;;;;;;;;;;;;;;;;;;;;
5477;6;VEREDA;73;0;;23/01/2019 16:58;VEREDA;;;2933257;;;C;;;3051;38400;0;0;;;0;0;N;1;;;;;N;;;;;;;;;;;;;;;;;;;;;;;;;;;;;;;
5478;2;VEREDINHA;38;0;;23/01/2019 17:00;VEREDINHA;;;3171071;;;C;;;754;435502;0;0;;;0;0;N;1;;;;;N;;;;;;;;;;;;;;;;;;;;;;;;;;;;;;;
5479;2;VERISSIMO;34;0;;23/01/2019 17:03;VERISSIMO;;;3171105;;;C;;;5423;457900;0;0;;;0;0;N;1;;;;;N;;;;;;;;;;;;;;;;;;;;;;;;;;;;;;;
5480;2;VERMELHO NOVO;33;0;;23/01/2019 17:05;VERMELHO NOVO;;;3171154;;;C;;;756;479305;0;0;;;0;0;N;1;;;;;N;;;;;;;;;;;;;;;;;;;;;;;;;;;;;;;
5481;10;VERTENTE DO LERIO;81;0;;23/01/2019 17:06;VERTENTE DO LERIO;;;2616183;;;C;;;2291;68500;0;0;;;0;0;N;1;;;;;N;;;;;;;;;;;;;;;;;;;;;;;;;;;;;;;
5482;10;VERTENTES;81;0;;23/01/2019 17:09;VERTENTES;;;2616209;;;C;;;2623;283300;0;0;;;0;0;N;1;;;;;N;;;;;;;;;;;;;;;;;;;;;;;;;;;;;;;
5483;2;VESPASIANO;31;0;;23/01/2019 17:11;VESPASIANO;;;3171204;;;C;;;5425;562500;0;0;;;0;0;N;1;;;;;N;;;;;;;;;;;;;;;;;;;;;;;;;;;;;;;
5484;15;VESPASIANO CORREA;51;0;;23/01/2019 16:56;VESPASIANO CORREA;;;4322855;;;C;;;1028;183400;0;0;;;0;0;N;1;;;;;N;;;;;;;;;;;;;;;;;;;;;;;;;;;;;;;
5485;15;VIADUTOS;54;0;;23/01/2019 16:58;VIADUTOS;;;4322905;;;C;;;8961;905200;0;0;;;0;0;N;1;;;;;N;;;;;;;;;;;;;;;;;;;;;;;;;;;;;;;
5486;15;VIAMAO;51;0;;23/01/2019 17:00;VIAMAO;;;4323002;;;C;;;8963;850800;0;0;;;0;0;N;1;;;;;N;;;;;;;;;;;;;;;;;;;;;;;;;;;;;;;
5487;31;VIANA;98;0;;23/01/2019 17:02;VIANA;;;2112803;;;C;;;949;122200;0;0;;;0;0;N;1;;;;;N;;;;;;;;;;;;;;;;;;;;;;;;;;;;;;;
5488;16;VIANA;27;0;;23/01/2019 17:04;VIANA;;;3205101;;;C;;;5701;586100;0;0;;;0;0;N;1;;;;;N;;;;;;;;;;;;;;;;;;;;;;;;;;;;;;;
5489;4;VIANOPOLIS;62;0;;23/01/2019 17:06;VIANOPOLIS;;;5222005;;;C;;;9641;38000;0;0;;;0;0;N;1;;;;;N;;;;;;;;;;;;;;;;;;;;;;;;;;;;;;;
5490;10;VICENCIA;81;0;;23/01/2019 17:08;VICENCIA;;;2616308;;;C;;;2625;298100;0;0;;;0;0;N;1;;;;;N;;;;;;;;;;;;;;;;;;;;;;;;;;;;;;;
5491;15;VICENTE DUTRA;55;0;;23/01/2019 17:10;VICENTE DUTRA;;;4323101;;;C;;;8965;898600;0;0;;;0;0;N;1;;;;;N;;;;;;;;;;;;;;;;;;;;;;;;;;;;;;;
5492;12;VICENTINA;67;0;;23/01/2019 16:55;VICENTINA;;;5008404;;;C;;;9187;52000;0;0;;;0;0;N;1;;;;;N;;;;;;;;;;;;;;;;;;;;;;;;;;;;;;;
5493;4;VICENTINOPOLIS;64;0;;23/01/2019 16:57;VICENTINOPOLIS;;;5222054;;;C;;;9657;35400;0;0;;;0;0;N;1;;;;;N;;;;;;;;;;;;;;;;;;;;;;;;;;;;;;;
5494;26;VICOSA;84;0;;23/01/2019 16:59;VICOSA;;;2414902;;;C;;;1897;223700;0;0;;;0;0;N;1;;;;;N;;;;;;;;;;;;;;;;;;;;;;;;;;;;;;;
5495;19;VICOSA;82;0;;23/01/2019 17:02;VICOSA;;;2709400;;;C;;;2887;317400;0;0;;;0;0;N;1;;;;;N;;;;;;;;;;;;;;;;;;;;;;;;;;;;;;;
5496;2;VICOSA;31;0;;23/01/2019 17:04;VICOSA;;;3171303;;;C;;;5427;487700;0;0;;;0;0;N;1;;;;;N;;;;;;;;;;;;;;;;;;;;;;;;;;;;;;;
5497;21;VICOSA DO CEARA;88;0;;23/01/2019 17:05;VICOSA DO CEARA;;;2314102;;;C;;;1583;165700;0;0;;;0;0;N;1;;;;;N;;;;;;;;;;;;;;;;;;;;;;;;;;;;;;;
5498;15;VICTOR GRAEFF;54;0;;23/01/2019 17:08;VICTOR GRAEFF;;;4323200;;;C;;;8969;917900;0;0;;;0;0;N;1;;;;;N;;;;;;;;;;;;;;;;;;;;;;;;;;;;;;;
5499;13;VIDAL RAMOS;47;0;;23/01/2019 17:10;VIDAL RAMOS;;;4219200;;;C;;;8377;809700;0;0;;;0;0;N;1;;;;;N;;;;;;;;;;;;;;;;;;;;;;;;;;;;;;;
5500;13;VIDEIRA;49;0;;23/01/2019 16:55;VIDEIRA;;;4219309;;;C;;;8379;;0;0;;;0;0;N;1;;;;;N;;;;;;;;;;;;;;;;;;;;;;;;;;;;;;;
5501;2;VIEIRAS;32;0;;23/01/2019 16:57;VIEIRAS;;;3171402;;;C;;;5429;490400;0;0;;;0;0;N;1;;;;;N;;;;;;;;;;;;;;;;;;;;;;;;;;;;;;;
5502;17;VIEIROPOLIS;83;0;;23/01/2019 17:22;VIEIROPOLIS;;;2517209;;;C;;;540;248904;0;0;;;0;0;N;1;;;;;N;;;;;;;;;;;;;;;;;;;;;;;;;;;;;;;
5503;9;VIGIA;91;0;;23/01/2019 17:26;VIGIA;;;1508209;;;C;;;563;106800;0;0;;;0;0;N;1;;;;;N;;;;;;;;;;;;;;;;;;;;;;;;;;;;;;;
5504;5;VILA BELA SANTISSIMA TRINDADE;65;0;;23/01/2019 17:17;VILA BELA SANTISSIMA TRINDADE;;;5105507;;;C;;;9109;62300;0;0;;;0;0;N;1;;;;;N;;;;;;;;;;;;;;;;;;;;;;;;;;;;;;;
5505;4;VILA BOA;62;0;;23/01/2019 17:19;VILA BOA;;;5222203;;;C;;;67;14503;0;0;;;0;0;N;1;;;;;N;;;;;;;;;;;;;;;;;;;;;;;;;;;;;;;
5506;26;VILA FLOR;84;0;;23/01/2019 17:22;VILA FLOR;;;2415008;;;C;;;1899;237700;0;0;;;0;0;N;1;;;;;N;;;;;;;;;;;;;;;;;;;;;;;;;;;;;;;
5507;15;VILA FLORES;54;0;;23/01/2019 17:25;VILA FLORES;;;4323309;;;C;;;7311;879600;0;0;;;0;0;N;1;;;;;N;;;;;;;;;;;;;;;;;;;;;;;;;;;;;;;
5508;15;VILA LANGARO;54;0;;23/01/2019 17:28;VILA LANGARO;;;4323358;;;C;;;1030;206900;0;0;;;0;0;N;1;;;;;N;;;;;;;;;;;;;;;;;;;;;;;;;;;;;;;
5509;15;VILA MARIA;54;0;;23/01/2019 17:19;VILA MARIA;;;4323408;;;C;;;7309;54000;0;0;;;0;0;N;1;;;;;N;;;;;;;;;;;;;;;;;;;;;;;;;;;;;;;
5510;23;VILA NOVA DO PIAUI;89;0;;23/01/2019 17:22;VILA NOVA DO PIAUI;;;2211605;;;C;;;408;199400;0;0;;;0;0;N;1;;;;;N;;;;;;;;;;;;;;;;;;;;;;;;;;;;;;;
5511;15;VILA NOVA DO SUL;55;0;;23/01/2019 17:25;VILA NOVA DO SUL;;;4323457;;;C;;;5795;134800;0;0;;;0;0;N;1;;;;;N;;;;;;;;;;;;;;;;;;;;;;;;;;;;;;;
5512;31;VILA NOVA DOS MARTIRIOS;99;0;;23/01/2019 17:28;VILA NOVA DOS MARTIRIOS;;;2112852;;;C;;;264;166500;0;0;;;0;0;N;1;;;;;N;;;;;;;;;;;;;;;;;;;;;;;;;;;;;;;
5513;16;VILA PAVAO;27;0;;23/01/2019 17:19;VILA PAVAO;;;3205150;;;C;;;2935;117200;0;0;;;0;0;N;1;;;;;N;;;;;;;;;;;;;;;;;;;;;;;;;;;;;;;
5514;4;VILA PROPICIO;62;0;;23/01/2019 17:21;VILA PROPICIO;;;5222302;;;C;;;1068;151900;0;0;;;0;0;N;1;;;;;N;;;;;;;;;;;;;;;;;;;;;;;;;;;;;;;
5515;5;VILA RICA;66;0;;23/01/2019 17:25;VILA RICA;;;5108600;;;C;;;9897;1900;0;0;;;0;0;N;1;;;;;N;;;;;;;;;;;;;;;;;;;;;;;;;;;;;;;
5516;16;VILA VALERIO;27;0;;23/01/2019 17:28;VILA VALERIO;;;3205176;;;C;;;768;154500;0;0;;;0;0;N;1;;;;;N;;;;;;;;;;;;;;;;;;;;;;;;;;;;;;;
5517;16;VILA VELHA;27;0;;23/01/2019 17:18;VILA VELHA;;;3205200;;;C;;;5703;586200;0;0;;;0;0;N;1;;;;;N;;;;;;;;;;;;;;;;;;;;;;;;;;;;;;;
5518;11;VILHENA;69;0;;23/01/2019 17:21;VILHENA;;;1100304;;;C;;;13;76300;0;0;;;0;0;N;1;;;;;N;;;;;;;;;;;;;;;;;;;;;;;;;;;;;;;
5519;1;VINHEDO;19;0;;23/01/2019 17:24;VINHEDO;;;3556701;;;C;;;7237;654100;0;0;;;0;0;N;1;;;;;N;;;;;;;;;;;;;;;;;;;;;;;;;;;;;;;
5520;1;VIRADOURO;17;0;;23/01/2019 17:27;VIRADOURO;;;3556800;;;C;;;7239;641500;0;0;;;0;0;N;1;;;;;N;;;;;;;;;;;;;;;;;;;;;;;;;;;;;;;
5521;2;VIRGEM DA LAPA;33;0;;23/01/2019 17:18;VIRGEM DA LAPA;;;3171600;;;C;;;5433;430100;0;0;;;0;0;N;1;;;;;N;;;;;;;;;;;;;;;;;;;;;;;;;;;;;;;
5522;2;VIRGINIA;35;0;;23/01/2019 17:21;VIRGINIA;;;3171709;;;C;;;5435;530500;0;0;;;0;0;N;1;;;;;N;;;;;;;;;;;;;;;;;;;;;;;;;;;;;;;
5523;2;VIRGINOPOLIS;33;0;;23/01/2019 17:24;VIRGINOPOLIS;;;3171808;;;C;;;5437;461500;0;0;;;0;0;N;1;;;;;N;;;;;;;;;;;;;;;;;;;;;;;;;;;;;;;
5524;2;VIRGOLANDIA;33;0;;23/01/2019 17:27;VIRGOLANDIA;;;3171907;;;C;;;5439;466200;0;0;;;0;0;N;1;;;;;N;;;;;;;;;;;;;;;;;;;;;;;;;;;;;;;
5525;8;VIRMOND;42;0;;23/01/2019 17:18;VIRMOND;;;4128658;;;C;;;5483;83700;0;0;;;0;0;N;1;;;;;N;;;;;;;;;;;;;;;;;;;;;;;;;;;;;;;
5526;2;VISCONDE DO RIO BRANCO;32;0;;23/01/2019 17:20;VISCONDE DO RIO BRANCO;;;3172004;;;C;;;5441;494300;0;0;;;0;0;N;1;;;;;N;;;;;;;;;;;;;;;;;;;;;;;;;;;;;;;
5527;9;VISEU;91;0;;23/01/2019 17:23;VISEU;;;1508308;;;C;;;565;114400;0;0;;;0;0;N;1;;;;;N;;;;;;;;;;;;;;;;;;;;;;;;;;;;;;;
5528;15;VISTA ALEGRE;55;0;;23/01/2019 17:27;VISTA ALEGRE;;;4323507;;;C;;;7307;52200;0;0;;;0;0;N;1;;;;;N;;;;;;;;;;;;;;;;;;;;;;;;;;;;;;;
5529;1;VISTA ALEGRE DO ALTO;16;0;;23/01/2019 17:17;VISTA ALEGRE DO ALTO;;;3556909;;;C;;;7241;641600;0;0;;;0;0;N;1;;;;;N;;;;;;;;;;;;;;;;;;;;;;;;;;;;;;;
5530;15;VISTA ALEGRE DO PRATA;54;0;;23/01/2019 17:20;VISTA ALEGRE DO PRATA;;;4323606;;;C;;;7305;48600;0;0;;;0;0;N;1;;;;;N;;;;;;;;;;;;;;;;;;;;;;;;;;;;;;;
5531;15;VISTA GAUCHA;55;0;;23/01/2019 17:23;VISTA GAUCHA;;;4323705;;;C;;;7303;892000;0;0;;;0;0;N;1;;;;;N;;;;;;;;;;;;;;;;;;;;;;;;;;;;;;;
5532;17;VISTA SERRANA;83;0;;23/01/2019 17:26;VISTA SERRANA;;;2505501;;;C;;;2011;246300;0;0;;;0;0;N;1;;;;;N;;;;;;;;;;;;;;;;;;;;;;;;;;;;;;;
5533;13;VITOR MEIRELES;47;0;;23/01/2019 17:17;VITOR MEIRELES;;;4219358;;;C;;;9977;45300;0;0;;;0;0;N;1;;;;;N;;;;;;;;;;;;;;;;;;;;;;;;;;;;;;;
5534;16;VITORIA;27;0;;23/01/2019 17:20;VITORIA;;;3205309;;;C;;;5705;586300;0;0;;;0;0;N;1;;;;;N;;;;;;;;;;;;;;;;;;;;;;;;;;;;;;;
5535;1;VITORIA BRASIL;17;0;;23/01/2019 17:23;VITORIA BRASIL;;;3556958;;;C;;;828;189400;0;0;;;0;0;N;1;;;;;N;;;;;;;;;;;;;;;;;;;;;;;;;;;;;;;
5536;6;VITORIA DA CONQUISTA;77;0;;23/01/2019 17:26;VITORIA DA CONQUISTA;;;2933307;;;C;;;3965;377700;0;0;;;0;0;N;1;;;;;N;;;;;;;;;;;;;;;;;;;;;;;;;;;;;;;
5537;15;VITORIA DAS MISSOES;55;0;;23/01/2019 17:28;VITORIA DAS MISSOES;;;4323754;;;C;;;6053;127500;0;0;;;0;0;N;1;;;;;N;;;;;;;;;;;;;;;;;;;;;;;;;;;;;;;
5538;10;VITORIA DE SANTO ANTAO;81;0;;23/01/2019 17:19;VITORIA DE SANTO ANTAO;;;2616407;;;C;;;2627;301800;0;0;;;0;0;N;1;;;;;N;;;;;;;;;;;;;;;;;;;;;;;;;;;;;;;
5539;28;VITORIA DO JARI;96;0;;23/01/2019 17:22;VITORIA DO JARI;;;1600808;;;C;;;70;152700;0;0;;;0;0;N;1;;;;;N;;;;;;;;;;;;;;;;;;;;;;;;;;;;;;;
5540;31;VITORIA DO MEARIM;98;0;;23/01/2019 17:25;VITORIA DO MEARIM;;;2112902;;;C;;;951;122300;0;0;;;0;0;N;1;;;;;N;;;;;;;;;;;;;;;;;;;;;;;;;;;;;;;
5541;9;VITORIA DO XINGU;93;0;;23/01/2019 17:28;VITORIA DO XINGU;;;1508357;;;C;;;641;110100;0;0;;;0;0;N;1;;;;;N;;;;;;;;;;;;;;;;;;;;;;;;;;;;;;;
5542;8;VITORINO;46;0;;23/01/2019 17:19;VITORINO;;;4128708;;;C;;;7947;767300;0;0;;;0;0;N;1;;;;;N;;;;;;;;;;;;;;;;;;;;;;;;;;;;;;;
5543;31;VITORINO FREIRE;98;0;;23/01/2019 17:22;VITORINO FREIRE;;;2113009;;;C;;;953;124300;0;0;;;0;0;N;1;;;;;N;;;;;;;;;;;;;;;;;;;;;;;;;;;;;;;
5544;2;VOLTA GRANDE;32;0;;23/01/2019 17:25;VOLTA GRANDE;;;3172103;;;C;;;5443;496800;0;0;;;0;0;N;1;;;;;N;;;;;;;;;;;;;;;;;;;;;;;;;;;;;;;
5545;7;VOLTA REDONDA;24;0;;23/01/2019 17:27;VOLTA REDONDA;;;3306305;;;C;;;5925;610700;0;0;;;0;0;N;1;;;;;N;;;;;;;;;;;;;;;;;;;;;;;;;;;;;;;
5546;1;VOTORANTIM;15;0;;23/01/2019 17:19;VOTORANTIM;;;3557006;;;C;;;7243;660000;0;0;;;0;0;N;1;;;;;N;;;;;;;;;;;;;;;;;;;;;;;;;;;;;;;
5547;1;VOTUPORANGA;17;0;;23/01/2019 17:22;VOTUPORANGA;;;3557105;;;C;;;7245;626100;0;0;;;0;0;N;1;;;;;N;;;;;;;;;;;;;;;;;;;;;;;;;;;;;;;
5548;6;WAGNER;75;0;;23/01/2019 17:24;WAGNER;;;2933406;;;C;;;3967;347600;0;0;;;0;0;N;1;;;;;N;;;;;;;;;;;;;;;;;;;;;;;;;;;;;;;
5549;23;WALL FERRAZ;89;0;;23/01/2019 17:27;WALL FERRAZ;;;2211704;;;C;;;410;199500;0;0;;;0;0;N;1;;;;;N;;;;;;;;;;;;;;;;;;;;;;;;;;;;;;;
5550;14;WANDERLANDIA;63;0;;23/01/2019 17:18;WANDERLANDIA;;;1722081;;;C;;;9665;1400;0;0;;;0;0;N;1;;;;;N;;;;;;;;;;;;;;;;;;;;;;;;;;;;;;;
5551;6;WANDERLEY;77;0;;23/01/2019 17:21;WANDERLEY;;;2933455;;;C;;;3999;333800;0;0;;;0;0;N;1;;;;;N;;;;;;;;;;;;;;;;;;;;;;;;;;;;;;;
5552;2;WENCESLAU BRAZ;35;0;;23/01/2019 17:24;WENCESLAU BRAZ;;;3172202;;;C;;;5421;530600;0;0;;;0;0;N;1;;;;;N;;;;;;;;;;;;;;;;;;;;;;;;;;;;;;;
5553;8;WENCESLAU BRAZ;43;0;;23/01/2019 17:27;WENCESLAU BRAZ;;;4128500;;;C;;;7943;743400;0;0;;;0;0;N;1;;;;;N;;;;;;;;;;;;;;;;;;;;;;;;;;;;;;;
5554;6;WENCESLAU GUIMARAES;73;0;;23/01/2019 17:18;WENCESLAU GUIMARAES;;;2933505;;;C;;;3969;404600;0;0;;;0;0;N;1;;;;;N;;;;;;;;;;;;;;;;;;;;;;;;;;;;;;;
5555;15;WESTFALIA;51;0;;23/01/2019 17:21;WESTFALIA;;;4323770;;;C;;;1176;228500;0;0;;;0;0;N;1;;;;;N;;;;;;;;;;;;;;;;;;;;;;;;;;;;;;;
5556;13;WITMARSUM;47;0;;23/01/2019 17:24;WITMARSUM;;;4219408;;;C;;;8381;810900;0;0;;;0;0;N;1;;;;;N;;;;;;;;;;;;;;;;;;;;;;;;;;;;;;;
5557;14;XAMBIOA;63;0;;23/01/2019 17:26;XAMBIOA;;;1722107;;;C;;;9643;1500;0;0;;;0;0;N;1;;;;;N;;;;;;;;;;;;;;;;;;;;;;;;;;;;;;;
5558;8;XAMBRE;44;0;;23/01/2019 17:17;XAMBRE;;;4128807;;;C;;;7949;802100;0;0;;;0;0;N;1;;;;;N;;;;;;;;;;;;;;;;;;;;;;;;;;;;;;;
5559;15;XANGRI-LA;51;0;;23/01/2019 17:21;XANGRI-LA;;;4323804;;;C;;;5785;127600;0;0;;;0;0;N;1;;;;;N;;;;;;;;;;;;;;;;;;;;;;;;;;;;;;;
5560;13;XANXERE;49;0;;23/01/2019 17:23;XANXERE;;;4219507;;;C;;;8383;841100;0;0;;;0;0;N;1;;;;;N;;;;;;;;;;;;;;;;;;;;;;;;;;;;;;;
5561;20;XAPURI;68;0;;23/01/2019 17:26;XAPURI;;;1200708;;;C;;;149;79300;0;0;;;0;0;N;1;;;;;N;;;;;;;;;;;;;;;;;;;;;;;;;;;;;;;
5562;13;XAVANTINA;49;0;;23/01/2019 17:17;XAVANTINA;;;4219606;;;C;;;8385;834600;0;0;;;0;0;N;1;;;;;N;;;;;;;;;;;;;;;;;;;;;;;;;;;;;;;
5563;13;XAXIM;49;0;;23/01/2019 17:20;XAXIM;;;4219705;;;C;;;8387;841200;0;0;;;0;0;N;1;;;;;N;;;;;;;;;;;;;;;;;;;;;;;;;;;;;;;
5564;10;XEXEU;81;0;;23/01/2019 17:23;XEXEU;;;2616506;;;C;;;2293;68600;0;0;;;0;0;N;1;;;;;N;;;;;;;;;;;;;;;;;;;;;;;;;;;;;;;
5565;9;XINGUARA;94;0;;23/01/2019 17:26;XINGUARA;;;1508407;;;C;;;571;95000;0;0;;;0;0;N;1;;;;;N;;;;;;;;;;;;;;;;;;;;;;;;;;;;;;;
5566;6;XIQUE-XIQUE;74;0;;23/01/2019 17:17;XIQUE-XIQUE;;;2933604;;;C;;;3971;337000;0;0;;;0;0;N;1;;;;;N;;;;;;;;;;;;;;;;;;;;;;;;;;;;;;;
5567;17;ZABELE;83;0;;23/01/2019 17:20;ZABELE;;;2517407;;;C;;;542;251901;0;0;;;0;0;N;1;;;;;N;;;;;;;;;;;;;;;;;;;;;;;;;;;;;;;
5568;1;ZACARIAS;18;0;;23/01/2019 17:23;ZACARIAS;;;3557154;;;C;;;2973;77300;0;0;;;0;0;N;1;;;;;N;;;;;;;;;;;;;;;;;;;;;;;;;;;;;;;
5569;31;ZE DOCA;98;0;;23/01/2019 17:25;ZE DOCA;;;2114007;;;C;;;1287;10900;0;0;;;0;0;N;1;;;;;N;;;;;;;;;;;;;;;;;;;;;;;;;;;;;;;
5570;13;ZORTEA;49;0;;23/01/2019 17:28;ZORTEA;;;4219853;;;C;;;950;208700;0;0;;;0;0;N;1;;;;;N;;;;;;;;;;;;;;;;;;;;;;;;;;;;;;;
5571;27;EX- DUBAI;;0;;16/09/2025 14:44;;;;9999999;;;C;;;;;0;0;;;0;0;N;1;;;;;N;;;;;;;;;;;;;;;;;;;;;;;;;;;;;;;
5572;30;EXTERIOR;;0;;10/09/2025 13:59;;;;9999999;;;C;;;;;;;;;0;0;N;1;;;;;N;;;;;;;;;;;;;;;;;;;;;;;;;;;;;;;
;;;;;;;;;;;;;;;;;;;;;;;;;;;;;;;;;;;;;;;;;;;;;;;;;;;;;;;;;;;;;
